kind,source,field,text,runtime_source
"billboard","Billboard [Device_Billboard_V2_C_UAID_E89C2592D1B5C90003_1405991238]","text","AI ISLAND ACADEMY\nRESTORE PIX'S AI CORE\nAGENT MODE UNLOCKS AFTER 7 MODULES\nSTART: PROMPT LAB\nYOUR STATUS: AI CORE JOURNAL","hub_static_sign_refresh.academy_title"
"billboard","Billboard10 [Device_Billboard_V2_C_UAID_E89C2592D1B5160103_1371518803]","text","Return to Academy Hub","fn_shoreline_island_nursery_station.label_8"
"billboard","Billboard11 [Device_Billboard_V2_C_UAID_E89C2592D1B5160103_1372083804]","text","AI SKILLS LAB | Station 1\nHelp Pix reuse a useful skill. Claim to begin.","fn_shoreline_island_nursery_station.mission_board"
"billboard","Billboard12 [Device_Billboard_V2_C_UAID_E89C2592D1B5160103_1372682805]","text","DEFINE GrowPlant | Water, Plant, Harvest, Wait","fn_shoreline_island_nursery_station.program_board"
"billboard","Billboard13 [Device_Billboard_V2_C_UAID_E89C2592D1B5160103_1373231806]","text","Ready. Run calls GrowPlant.","fn_shoreline_island_nursery_station.execution_board"
"billboard","Billboard14 [Device_Billboard_V2_C_UAID_E89C2592D1B5160103_1373969807]","text","PLANTER 1 | Empty","fn_shoreline_island_nursery_station.planter_label"
"billboard","Billboard15 [Device_Billboard_V2_C_UAID_E89C2592D1B5180103_1425813164]","text","Edit plan slot 1: GrowPlant / Move","fn_shoreline_island_nursery_station.label_caller_0"
"billboard","Billboard16 [Device_Billboard_V2_C_UAID_E89C2592D1B5180103_1427197166]","text","Edit plan slot 2: GrowPlant / Move","fn_shoreline_island_nursery_station.label_caller_1"
"billboard","Billboard17 [Device_Billboard_V2_C_UAID_E89C2592D1B5180103_1428394168]","text","Edit plan slot 3: GrowPlant / Move","fn_shoreline_island_nursery_station.label_caller_2"
"billboard","Billboard18 [Device_Billboard_V2_C_UAID_E89C2592D1B5180103_1429595170]","text","Change Repeat (1-4)","fn_shoreline_island_nursery_station.label_repeat"
"billboard","Billboard19 [Device_Billboard_V2_C_UAID_E89C2592D1B5180103_1430726172]","text","Next challenge / Replay all","fn_shoreline_island_nursery_station.label_next"
"billboard","Billboard2 [Device_Billboard_V2_C_UAID_E89C2592D1B5160103_1362702787]","text","Claim AI Skills Lab","fn_shoreline_island_nursery_station.label_0"
"billboard","Billboard20 [Device_Billboard_V2_C_UAID_E89C2592D1B5180103_1431310173]","text","PLANTER 2 | Empty","fn_shoreline_island_nursery_station.planter_2_label"
"billboard","Billboard21 [Device_Billboard_V2_C_UAID_E89C2592D1B5180103_1431911174]","text","PLANTER 3 | Empty","fn_shoreline_island_nursery_station.planter_3_label"
"billboard","Billboard22 [Device_Billboard_V2_C_UAID_E89C2592D1B5180103_1432462175]","text","EXIT | TILE 3","fn_shoreline_island_nursery_station.exit_label"
"billboard","Billboard23 [Device_Billboard_V2_C_UAID_E89C2592D1B51D0103_1592441061]","text","Claim AI Skills Lab","fn_shoreline_island_nursery_station2.label_0"
"billboard","Billboard24 [Device_Billboard_V2_C_UAID_E89C2592D1B51D0103_1593686063]","text","Edit GrowPlant skill step 1","fn_shoreline_island_nursery_station2.label_1"
"billboard","Billboard25 [Device_Billboard_V2_C_UAID_E89C2592D1B51D0103_1594853065]","text","Edit GrowPlant skill step 2","fn_shoreline_island_nursery_station2.label_2"
"billboard","Billboard26 [Device_Billboard_V2_C_UAID_E89C2592D1B51D0103_1596052067]","text","Edit GrowPlant skill step 3","fn_shoreline_island_nursery_station2.label_3"
"billboard","Billboard27 [Device_Billboard_V2_C_UAID_E89C2592D1B51D0103_1597170069]","text","Edit GrowPlant skill step 4","fn_shoreline_island_nursery_station2.label_4"
"billboard","Billboard28 [Device_Billboard_V2_C_UAID_E89C2592D1B51D0103_1598252071]","text","Run the skill plan","fn_shoreline_island_nursery_station2.label_5"
"billboard","Billboard29 [Device_Billboard_V2_C_UAID_E89C2592D1B51D0103_1599421073]","text","Help / Worked answer","fn_shoreline_island_nursery_station2.label_6"
"billboard","Billboard3 [Device_Billboard_V2_C_UAID_E89C2592D1B5160103_1363834789]","text","Edit GrowPlant skill step 1","fn_shoreline_island_nursery_station.label_1"
"billboard","Billboard30 [Device_Billboard_V2_C_UAID_E89C2592D1B51D0103_1600553075]","text","Replay this challenge","fn_shoreline_island_nursery_station2.label_7"
"billboard","Billboard31 [Device_Billboard_V2_C_UAID_E89C2592D1B51D0103_1601686077]","text","Return to Academy Hub","fn_shoreline_island_nursery_station2.label_8"
"billboard","Billboard32 [Device_Billboard_V2_C_UAID_E89C2592D1B51D0103_1602286078]","text","AI SKILLS LAB | Station 2\nHelp Pix reuse a useful skill. Claim to begin.","fn_shoreline_island_nursery_station2.mission_board"
"billboard","Billboard33 [Device_Billboard_V2_C_UAID_E89C2592D1B51D0103_1602853079]","text","DEFINE GrowPlant | Water, Plant, Harvest, Wait","fn_shoreline_island_nursery_station2.program_board"
"billboard","Billboard34 [Device_Billboard_V2_C_UAID_E89C2592D1B51D0103_1603501080]","text","Ready. Run calls GrowPlant.","fn_shoreline_island_nursery_station2.execution_board"
"billboard","Billboard35 [Device_Billboard_V2_C_UAID_E89C2592D1B51D0103_1604085081]","text","PLANTER 1 | Empty","fn_shoreline_island_nursery_station2.planter_label"
"billboard","Billboard36 [Device_Billboard_V2_C_UAID_E89C2592D1B51D0103_1605428083]","text","Edit plan slot 1: GrowPlant / Move","fn_shoreline_island_nursery_station2.label_caller_0"
"billboard","Billboard37 [Device_Billboard_V2_C_UAID_E89C2592D1B51D0103_1606526085]","text","Edit plan slot 2: GrowPlant / Move","fn_shoreline_island_nursery_station2.label_caller_1"
"billboard","Billboard38 [Device_Billboard_V2_C_UAID_E89C2592D1B51D0103_1607586087]","text","Edit plan slot 3: GrowPlant / Move","fn_shoreline_island_nursery_station2.label_caller_2"
"billboard","Billboard39 [Device_Billboard_V2_C_UAID_E89C2592D1B51D0103_1608692089]","text","Change Repeat (1-4)","fn_shoreline_island_nursery_station2.label_repeat"
"billboard","Billboard4 [Device_Billboard_V2_C_UAID_E89C2592D1B5160103_1365104791]","text","Edit GrowPlant skill step 2","fn_shoreline_island_nursery_station.label_2"
"billboard","Billboard40 [Device_Billboard_V2_C_UAID_E89C2592D1B51D0103_1609785091]","text","Next challenge / Replay all","fn_shoreline_island_nursery_station2.label_next"
"billboard","Billboard41 [Device_Billboard_V2_C_UAID_E89C2592D1B51D0103_1610419092]","text","PLANTER 2 | Empty","fn_shoreline_island_nursery_station2.planter_2_label"
"billboard","Billboard42 [Device_Billboard_V2_C_UAID_E89C2592D1B51D0103_1610964093]","text","PLANTER 3 | Empty","fn_shoreline_island_nursery_station2.planter_3_label"
"billboard","Billboard43 [Device_Billboard_V2_C_UAID_E89C2592D1B51D0103_1611548094]","text","EXIT | TILE 3","fn_shoreline_island_nursery_station2.exit_label"
"billboard","Billboard44 [Device_Billboard_V2_C_UAID_E89C2592D1B51D0103_1630720098]","text","Claim AI Skills Lab","fn_shoreline_island_nursery_station3.label_0"
"billboard","Billboard45 [Device_Billboard_V2_C_UAID_E89C2592D1B51D0103_1631739100]","text","Edit GrowPlant skill step 1","fn_shoreline_island_nursery_station3.label_1"
"billboard","Billboard46 [Device_Billboard_V2_C_UAID_E89C2592D1B51D0103_1632747102]","text","Edit GrowPlant skill step 2","fn_shoreline_island_nursery_station3.label_2"
"billboard","Billboard47 [Device_Billboard_V2_C_UAID_E89C2592D1B51D0103_1633856104]","text","Edit GrowPlant skill step 3","fn_shoreline_island_nursery_station3.label_3"
"billboard","Billboard48 [Device_Billboard_V2_C_UAID_E89C2592D1B51D0103_1634962106]","text","Edit GrowPlant skill step 4","fn_shoreline_island_nursery_station3.label_4"
"billboard","Billboard49 [Device_Billboard_V2_C_UAID_E89C2592D1B51D0103_1636000108]","text","Run the skill plan","fn_shoreline_island_nursery_station3.label_5"
"billboard","Billboard5 [Device_Billboard_V2_C_UAID_E89C2592D1B5160103_1366200793]","text","Edit GrowPlant skill step 3","fn_shoreline_island_nursery_station.label_3"
"billboard","Billboard50 [Device_Billboard_V2_C_UAID_E89C2592D1B51D0103_1637078110]","text","Help / Worked answer","fn_shoreline_island_nursery_station3.label_6"
"billboard","Billboard51 [Device_Billboard_V2_C_UAID_E89C2592D1B51D0103_1638120112]","text","Replay this challenge","fn_shoreline_island_nursery_station3.label_7"
"billboard","Billboard52 [Device_Billboard_V2_C_UAID_E89C2592D1B51D0103_1639240114]","text","Return to Academy Hub","fn_shoreline_island_nursery_station3.label_8"
"billboard","Billboard53 [Device_Billboard_V2_C_UAID_E89C2592D1B51D0103_1639863115]","text","AI SKILLS LAB | Station 3\nHelp Pix reuse a useful skill. Claim to begin.","fn_shoreline_island_nursery_station3.mission_board"
"billboard","Billboard54 [Device_Billboard_V2_C_UAID_E89C2592D1B51D0103_1640471116]","text","DEFINE GrowPlant | Water, Plant, Harvest, Wait","fn_shoreline_island_nursery_station3.program_board"
"billboard","Billboard55 [Device_Billboard_V2_C_UAID_E89C2592D1B51D0103_1641052117]","text","Ready. Run calls GrowPlant.","fn_shoreline_island_nursery_station3.execution_board"
"billboard","Billboard56 [Device_Billboard_V2_C_UAID_E89C2592D1B51D0103_1641679118]","text","PLANTER 1 | Empty","fn_shoreline_island_nursery_station3.planter_label"
"billboard","Billboard57 [Device_Billboard_V2_C_UAID_E89C2592D1B51D0103_1642817120]","text","Edit plan slot 1: GrowPlant / Move","fn_shoreline_island_nursery_station3.label_caller_0"
"billboard","Billboard58 [Device_Billboard_V2_C_UAID_E89C2592D1B51D0103_1643917122]","text","Edit plan slot 2: GrowPlant / Move","fn_shoreline_island_nursery_station3.label_caller_1"
"billboard","Billboard59 [Device_Billboard_V2_C_UAID_E89C2592D1B51D0103_1644946124]","text","Edit plan slot 3: GrowPlant / Move","fn_shoreline_island_nursery_station3.label_caller_2"
"billboard","Billboard6 [Device_Billboard_V2_C_UAID_E89C2592D1B5160103_1367233795]","text","Edit GrowPlant skill step 4","fn_shoreline_island_nursery_station.label_4"
"billboard","Billboard60 [Device_Billboard_V2_C_UAID_E89C2592D1B51D0103_1646033126]","text","Change Repeat (1-4)","fn_shoreline_island_nursery_station3.label_repeat"
"billboard","Billboard61 [Device_Billboard_V2_C_UAID_E89C2592D1B51D0103_1647108128]","text","Next challenge / Replay all","fn_shoreline_island_nursery_station3.label_next"
"billboard","Billboard62 [Device_Billboard_V2_C_UAID_E89C2592D1B51D0103_1647696129]","text","PLANTER 2 | Empty","fn_shoreline_island_nursery_station3.planter_2_label"
"billboard","Billboard63 [Device_Billboard_V2_C_UAID_E89C2592D1B51D0103_1648279130]","text","PLANTER 3 | Empty","fn_shoreline_island_nursery_station3.planter_3_label"
"billboard","Billboard64 [Device_Billboard_V2_C_UAID_E89C2592D1B51D0103_1648886131]","text","EXIT | TILE 3","fn_shoreline_island_nursery_station3.exit_label"
"billboard","Billboard65 [Device_Billboard_V2_C_UAID_E89C2592D1B51D0103_1672816135]","text","Claim AI Skills Lab","fn_shoreline_island_nursery_station4.label_0"
"billboard","Billboard66 [Device_Billboard_V2_C_UAID_E89C2592D1B51D0103_1673900137]","text","Edit GrowPlant skill step 1","fn_shoreline_island_nursery_station4.label_1"
"billboard","Billboard67 [Device_Billboard_V2_C_UAID_E89C2592D1B51D0103_1675019139]","text","Edit GrowPlant skill step 2","fn_shoreline_island_nursery_station4.label_2"
"billboard","Billboard68 [Device_Billboard_V2_C_UAID_E89C2592D1B51D0103_1676127141]","text","Edit GrowPlant skill step 3","fn_shoreline_island_nursery_station4.label_3"
"billboard","Billboard69 [Device_Billboard_V2_C_UAID_E89C2592D1B51D0103_1677234143]","text","Edit GrowPlant skill step 4","fn_shoreline_island_nursery_station4.label_4"
"billboard","Billboard7 [Device_Billboard_V2_C_UAID_E89C2592D1B5160103_1368415797]","text","Run the skill plan","fn_shoreline_island_nursery_station.label_5"
"billboard","Billboard70 [Device_Billboard_V2_C_UAID_E89C2592D1B51D0103_1678877145]","text","Run the skill plan","fn_shoreline_island_nursery_station4.label_5"
"billboard","Billboard71 [Device_Billboard_V2_C_UAID_E89C2592D1B51D0103_1679912147]","text","Help / Worked answer","fn_shoreline_island_nursery_station4.label_6"
"billboard","Billboard72 [Device_Billboard_V2_C_UAID_E89C2592D1B51D0103_1680994149]","text","Replay this challenge","fn_shoreline_island_nursery_station4.label_7"
"billboard","Billboard73 [Device_Billboard_V2_C_UAID_E89C2592D1B51D0103_1682066151]","text","Return to Academy Hub","fn_shoreline_island_nursery_station4.label_8"
"billboard","Billboard74 [Device_Billboard_V2_C_UAID_E89C2592D1B51D0103_1682614152]","text","AI SKILLS LAB | Station 4\nHelp Pix reuse a useful skill. Claim to begin.","fn_shoreline_island_nursery_station4.mission_board"
"billboard","Billboard75 [Device_Billboard_V2_C_UAID_E89C2592D1B51D0103_1683168153]","text","DEFINE GrowPlant | Water, Plant, Harvest, Wait","fn_shoreline_island_nursery_station4.program_board"
"billboard","Billboard76 [Device_Billboard_V2_C_UAID_E89C2592D1B51D0103_1683723154]","text","Ready. Run calls GrowPlant.","fn_shoreline_island_nursery_station4.execution_board"
"billboard","Billboard77 [Device_Billboard_V2_C_UAID_E89C2592D1B51D0103_1684313155]","text","PLANTER 1 | Empty","fn_shoreline_island_nursery_station4.planter_label"
"billboard","Billboard78 [Device_Billboard_V2_C_UAID_E89C2592D1B51D0103_1685365157]","text","Edit plan slot 1: GrowPlant / Move","fn_shoreline_island_nursery_station4.label_caller_0"
"billboard","Billboard79 [Device_Billboard_V2_C_UAID_E89C2592D1B51D0103_1686471159]","text","Edit plan slot 2: GrowPlant / Move","fn_shoreline_island_nursery_station4.label_caller_1"
"billboard","Billboard8 [Device_Billboard_V2_C_UAID_E89C2592D1B5160103_1369417799]","text","Help / Worked answer","fn_shoreline_island_nursery_station.label_6"
"billboard","Billboard80 [Device_Billboard_V2_C_UAID_E89C2592D1B51D0103_1687665161]","text","Edit plan slot 3: GrowPlant / Move","fn_shoreline_island_nursery_station4.label_caller_2"
"billboard","Billboard81 [Device_Billboard_V2_C_UAID_E89C2592D1B51D0103_1688757163]","text","Change Repeat (1-4)","fn_shoreline_island_nursery_station4.label_repeat"
"billboard","Billboard82 [Device_Billboard_V2_C_UAID_E89C2592D1B51D0103_1689824165]","text","Next challenge / Replay all","fn_shoreline_island_nursery_station4.label_next"
"billboard","Billboard83 [Device_Billboard_V2_C_UAID_E89C2592D1B51D0103_1690364166]","text","PLANTER 2 | Empty","fn_shoreline_island_nursery_station4.planter_2_label"
"billboard","Billboard84 [Device_Billboard_V2_C_UAID_E89C2592D1B51D0103_1690922167]","text","PLANTER 3 | Empty","fn_shoreline_island_nursery_station4.planter_3_label"
"billboard","Billboard85 [Device_Billboard_V2_C_UAID_E89C2592D1B51D0103_1691485168]","text","EXIT | TILE 3","fn_shoreline_island_nursery_station4.exit_label"
"billboard","Billboard9 [Device_Billboard_V2_C_UAID_E89C2592D1B5160103_1370500801]","text","Replay this challenge","fn_shoreline_island_nursery_station.label_7"
"billboard","academy_journal_sign [Device_Billboard_V2_C_UAID_E89C2592D1B5F10003_1313695498]","text","MY AI CORE JOURNAL\nSee your personal module status\nUse the button below","hub_static_sign_refresh.academy_journal_sign"
"billboard","debug_station_1_board [Device_Billboard_V2_C_UAID_E89C2592D1B5030103_1802007023]","text","AI ERROR LAB | Station 1\nCheck Pix's result for a mistake.\nPress CLAIM to begin.","debug_station_1_station.board"
"billboard","debug_station_1_garden_label [Device_Billboard_V2_C_UAID_E89C2592D1B5030103_1806235031]","text","FOOD","static"
"billboard","debug_station_1_instruction_board [Device_Billboard_V2_C_UAID_E89C2592D1B5030103_1803045025]","text","Compare results. Edit one instruction.","debug_station_1_station.instruction_board"
"billboard","debug_station_1_label_claim [Device_Billboard_V2_C_UAID_E89C2592D1B5030103_1795501010]","text","CLAIM","static"
"billboard","debug_station_1_label_edit [Device_Billboard_V2_C_UAID_E89C2592D1B5030103_1796500012]","text","EDIT","static"
"billboard","debug_station_1_label_help [Device_Billboard_V2_C_UAID_E89C2592D1B5030103_1798520016]","text","HELP","static"
"billboard","debug_station_1_label_next [Device_Billboard_V2_C_UAID_E89C2592D1B5030103_1799495018]","text","NEXT","static"
"billboard","debug_station_1_label_replay [Device_Billboard_V2_C_UAID_E89C2592D1B5030103_1800450020]","text","REPLAY","static"
"billboard","debug_station_1_label_return [Device_Billboard_V2_C_UAID_E89C2592D1B5030103_1801448022]","text","HUB","static"
"billboard","debug_station_1_label_run [Device_Billboard_V2_C_UAID_E89C2592D1B5030103_1797521014]","text","RUN","static"
"billboard","debug_station_1_result_board [Device_Billboard_V2_C_UAID_E89C2592D1B5030103_1802520024]","text","EXPECTED: tile 3\nACTUAL: not run","debug_station_1_station.result_board"
"billboard","debug_station_1_route [Device_Billboard_V2_C_UAID_E89C2592D1B5030103_1807263033]","text","AI ERROR LAB\nCheck Pix's results.\nFollow the path south.","static"
"billboard","debug_station_1_storage_label [Device_Billboard_V2_C_UAID_E89C2592D1B5030103_1806749032]","text","VEHICLE","static"
"billboard","debug_station_1_tile_0 [Device_Billboard_V2_C_UAID_E89C2592D1B5030103_1803636026]","text","TILE 0","static"
"billboard","debug_station_1_tile_1 [Device_Billboard_V2_C_UAID_E89C2592D1B5030103_1804172027]","text","TILE 1","static"
"billboard","debug_station_1_tile_2 [Device_Billboard_V2_C_UAID_E89C2592D1B5030103_1804662028]","text","TILE 2","static"
"billboard","debug_station_1_tile_3 [Device_Billboard_V2_C_UAID_E89C2592D1B5030103_1805183029]","text","SCANNER","static"
"billboard","debug_station_1_tile_4 [Device_Billboard_V2_C_UAID_E89C2592D1B5030103_1805681030]","text","TILE 4","static"
"billboard","debug_station_2_board [Device_Billboard_V2_C_UAID_E89C2592D1B5060103_1896837581]","text","AI ERROR LAB | Station 2\nCheck Pix's result for a mistake.\nPress CLAIM to begin.","debug_station_2_station.board"
"billboard","debug_station_2_garden_label [Device_Billboard_V2_C_UAID_E89C2592D1B5060103_1900999589]","text","FOOD","static"
"billboard","debug_station_2_instruction_board [Device_Billboard_V2_C_UAID_E89C2592D1B5060103_1897900583]","text","Compare results. Edit one instruction.","debug_station_2_station.instruction_board"
"billboard","debug_station_2_label_claim [Device_Billboard_V2_C_UAID_E89C2592D1B5060103_1890389568]","text","CLAIM","static"
"billboard","debug_station_2_label_edit [Device_Billboard_V2_C_UAID_E89C2592D1B5060103_1891357570]","text","EDIT","static"
"billboard","debug_station_2_label_help [Device_Billboard_V2_C_UAID_E89C2592D1B5060103_1893331574]","text","HELP","static"
"billboard","debug_station_2_label_next [Device_Billboard_V2_C_UAID_E89C2592D1B5060103_1894369576]","text","NEXT","static"
"billboard","debug_station_2_label_replay [Device_Billboard_V2_C_UAID_E89C2592D1B5060103_1895349578]","text","REPLAY","static"
"billboard","debug_station_2_label_return [Device_Billboard_V2_C_UAID_E89C2592D1B5060103_1896312580]","text","HUB","static"
"billboard","debug_station_2_label_run [Device_Billboard_V2_C_UAID_E89C2592D1B5060103_1892379572]","text","RUN","static"
"billboard","debug_station_2_result_board [Device_Billboard_V2_C_UAID_E89C2592D1B5060103_1897331582]","text","EXPECTED: tile 3\nACTUAL: not run","debug_station_2_station.result_board"
"billboard","debug_station_2_storage_label [Device_Billboard_V2_C_UAID_E89C2592D1B5060103_1901519590]","text","VEHICLE","static"
"billboard","debug_station_2_tile_0 [Device_Billboard_V2_C_UAID_E89C2592D1B5060103_1898468584]","text","TILE 0","static"
"billboard","debug_station_2_tile_1 [Device_Billboard_V2_C_UAID_E89C2592D1B5060103_1899005585]","text","TILE 1","static"
"billboard","debug_station_2_tile_2 [Device_Billboard_V2_C_UAID_E89C2592D1B5060103_1899503586]","text","TILE 2","static"
"billboard","debug_station_2_tile_3 [Device_Billboard_V2_C_UAID_E89C2592D1B5060103_1899999587]","text","SCANNER","static"
"billboard","debug_station_2_tile_4 [Device_Billboard_V2_C_UAID_E89C2592D1B5060103_1900496588]","text","TILE 4","static"
"billboard","debug_station_3_board [Device_Billboard_V2_C_UAID_E89C2592D1B5060103_1909805607]","text","AI ERROR LAB | Station 3\nCheck Pix's result for a mistake.\nPress CLAIM to begin.","debug_station_3_station.board"
"billboard","debug_station_3_garden_label [Device_Billboard_V2_C_UAID_E89C2592D1B5060103_1914012615]","text","FOOD","static"
"billboard","debug_station_3_instruction_board [Device_Billboard_V2_C_UAID_E89C2592D1B5060103_1910811609]","text","Compare results. Edit one instruction.","debug_station_3_station.instruction_board"
"billboard","debug_station_3_label_claim [Device_Billboard_V2_C_UAID_E89C2592D1B5060103_1903433594]","text","CLAIM","static"
"billboard","debug_station_3_label_edit [Device_Billboard_V2_C_UAID_E89C2592D1B5060103_1904363596]","text","EDIT","static"
"billboard","debug_station_3_label_help [Device_Billboard_V2_C_UAID_E89C2592D1B5060103_1906267600]","text","HELP","static"
"billboard","debug_station_3_label_next [Device_Billboard_V2_C_UAID_E89C2592D1B5060103_1907251602]","text","NEXT","static"
"billboard","debug_station_3_label_replay [Device_Billboard_V2_C_UAID_E89C2592D1B5060103_1908255604]","text","REPLAY","static"
"billboard","debug_station_3_label_return [Device_Billboard_V2_C_UAID_E89C2592D1B5060103_1909228606]","text","HUB","static"
"billboard","debug_station_3_label_run [Device_Billboard_V2_C_UAID_E89C2592D1B5060103_1905314598]","text","RUN","static"
"billboard","debug_station_3_result_board [Device_Billboard_V2_C_UAID_E89C2592D1B5060103_1910334608]","text","EXPECTED: tile 3\nACTUAL: not run","debug_station_3_station.result_board"
"billboard","debug_station_3_storage_label [Device_Billboard_V2_C_UAID_E89C2592D1B5060103_1914563616]","text","VEHICLE","static"
"billboard","debug_station_3_tile_0 [Device_Billboard_V2_C_UAID_E89C2592D1B5060103_1911336610]","text","TILE 0","static"
"billboard","debug_station_3_tile_1 [Device_Billboard_V2_C_UAID_E89C2592D1B5060103_1911834611]","text","TILE 1","static"
"billboard","debug_station_3_tile_2 [Device_Billboard_V2_C_UAID_E89C2592D1B5060103_1912356612]","text","TILE 2","static"
"billboard","debug_station_3_tile_3 [Device_Billboard_V2_C_UAID_E89C2592D1B5060103_1912848613]","text","SCANNER","static"
"billboard","debug_station_3_tile_4 [Device_Billboard_V2_C_UAID_E89C2592D1B5060103_1913436614]","text","TILE 4","static"
"billboard","debug_station_4_board [Device_Billboard_V2_C_UAID_E89C2592D1B5060103_1923721633]","text","AI ERROR LAB | Station 4\nCheck Pix's result for a mistake.\nPress CLAIM to begin.","debug_station_4_station.board"
"billboard","debug_station_4_garden_label [Device_Billboard_V2_C_UAID_E89C2592D1B5060103_1928005641]","text","FOOD","static"
"billboard","debug_station_4_instruction_board [Device_Billboard_V2_C_UAID_E89C2592D1B5060103_1924814635]","text","Compare results. Edit one instruction.","debug_station_4_station.instruction_board"
"billboard","debug_station_4_label_claim [Device_Billboard_V2_C_UAID_E89C2592D1B5060103_1917019620]","text","CLAIM","static"
"billboard","debug_station_4_label_edit [Device_Billboard_V2_C_UAID_E89C2592D1B5060103_1917997622]","text","EDIT","static"
"billboard","debug_station_4_label_help [Device_Billboard_V2_C_UAID_E89C2592D1B5060103_1919868626]","text","HELP","static"
"billboard","debug_station_4_label_next [Device_Billboard_V2_C_UAID_E89C2592D1B5060103_1920882628]","text","NEXT","static"
"billboard","debug_station_4_label_replay [Device_Billboard_V2_C_UAID_E89C2592D1B5060103_1922262630]","text","REPLAY","static"
"billboard","debug_station_4_label_return [Device_Billboard_V2_C_UAID_E89C2592D1B5060103_1923222632]","text","HUB","static"
"billboard","debug_station_4_label_run [Device_Billboard_V2_C_UAID_E89C2592D1B5060103_1918961624]","text","RUN","static"
"billboard","debug_station_4_result_board [Device_Billboard_V2_C_UAID_E89C2592D1B5060103_1924253634]","text","EXPECTED: tile 3\nACTUAL: not run","debug_station_4_station.result_board"
"billboard","debug_station_4_storage_label [Device_Billboard_V2_C_UAID_E89C2592D1B5060103_1928521642]","text","VEHICLE","static"
"billboard","debug_station_4_tile_0 [Device_Billboard_V2_C_UAID_E89C2592D1B5060103_1925348636]","text","TILE 0","static"
"billboard","debug_station_4_tile_1 [Device_Billboard_V2_C_UAID_E89C2592D1B5060103_1925875637]","text","TILE 1","static"
"billboard","debug_station_4_tile_2 [Device_Billboard_V2_C_UAID_E89C2592D1B5060103_1926465638]","text","TILE 2","static"
"billboard","debug_station_4_tile_3 [Device_Billboard_V2_C_UAID_E89C2592D1B5060103_1927009639]","text","SCANNER","static"
"billboard","debug_station_4_tile_4 [Device_Billboard_V2_C_UAID_E89C2592D1B5060103_1927521640]","text","TILE 4","static"
"billboard","energy_0_board [Device_Billboard_V2_C_UAID_E89C2592D1B5FD0003_1836812865]","text","CONFIDENCE CORE | Station 1\nPress CLAIM to help Pix use new clues.","energy_station_0.board"
"billboard","energy_0_door_board [Device_Billboard_V2_C_UAID_E89C2592D1B5FD0003_1837667867]","text","PREVIEW DOOR: CLOSED","energy_station_0.door_board"
"billboard","energy_0_energy_board [Device_Billboard_V2_C_UAID_E89C2592D1B5FD0003_1837249866]","text","AI CONFIDENCE\nClaim to begin","energy_station_0.energy_board"
"billboard","energy_0_label_add [Device_Billboard_V2_C_UAID_E89C2592D1B5FD0003_1830160850]","text","+10% CONFIDENCE","static"
"billboard","energy_0_label_claim [Device_Billboard_V2_C_UAID_E89C2592D1B5FD0003_1829182848]","text","CLAIM","static"
"billboard","energy_0_label_count [Device_Billboard_V2_C_UAID_E89C2592D1B5FD0003_1831960854]","text","REPEATS","static"
"billboard","energy_0_label_help [Device_Billboard_V2_C_UAID_E89C2592D1B5FD0003_1833765858]","text","HELP","static"
"billboard","energy_0_label_next [Device_Billboard_V2_C_UAID_E89C2592D1B5FD0003_1834618860]","text","NEXT","static"
"billboard","energy_0_label_replay [Device_Billboard_V2_C_UAID_E89C2592D1B5FD0003_1835460862]","text","REPLAY","static"
"billboard","energy_0_label_return [Device_Billboard_V2_C_UAID_E89C2592D1B5FD0003_1836327864]","text","HUB","static"
"billboard","energy_0_label_start [Device_Billboard_V2_C_UAID_E89C2592D1B5FD0003_1832871856]","text","START / RUN","static"
"billboard","energy_0_label_subtract [Device_Billboard_V2_C_UAID_E89C2592D1B5FD0003_1831093852]","text","-10% CONFIDENCE","static"
"billboard","energy_0_route [Device_Billboard_V2_C_UAID_E89C2592D1B5FD0003_1838082868]","text","CONFIDENCE CORE\nHelp Pix use new clues.\nFollow the wide path southwest.","hub_static_sign_refresh.energy_0_route"
"billboard","energy_station_2_board [Device_Billboard_V2_C_UAID_E89C2592D1B5000103_1650843421]","text","CONFIDENCE CORE | Station 2\nPress CLAIM to help Pix use new clues.","energy_station_2_station.board"
"billboard","energy_station_2_door_board [Device_Billboard_V2_C_UAID_E89C2592D1B5000103_1651843423]","text","PREVIEW DOOR: CLOSED","energy_station_2_station.door_board"
"billboard","energy_station_2_energy_board [Device_Billboard_V2_C_UAID_E89C2592D1B5000103_1651340422]","text","AI CONFIDENCE\nClaim to begin","energy_station_2_station.energy_board"
"billboard","energy_station_2_label_add [Device_Billboard_V2_C_UAID_E89C2592D1B5000103_1643293406]","text","+10% CONFIDENCE","static"
"billboard","energy_station_2_label_claim [Device_Billboard_V2_C_UAID_E89C2592D1B5000103_1642150404]","text","CLAIM","static"
"billboard","energy_station_2_label_count [Device_Billboard_V2_C_UAID_E89C2592D1B5000103_1645342410]","text","REPEATS","static"
"billboard","energy_station_2_label_help [Device_Billboard_V2_C_UAID_E89C2592D1B5000103_1647342414]","text","HELP","static"
"billboard","energy_station_2_label_next [Device_Billboard_V2_C_UAID_E89C2592D1B5000103_1648376416]","text","NEXT","static"
"billboard","energy_station_2_label_replay [Device_Billboard_V2_C_UAID_E89C2592D1B5000103_1649360418]","text","REPLAY","static"
"billboard","energy_station_2_label_return [Device_Billboard_V2_C_UAID_E89C2592D1B5000103_1650359420]","text","HUB","static"
"billboard","energy_station_2_label_start [Device_Billboard_V2_C_UAID_E89C2592D1B5000103_1646392412]","text","START / RUN","static"
"billboard","energy_station_2_label_subtract [Device_Billboard_V2_C_UAID_E89C2592D1B5000103_1644312408]","text","-10% CONFIDENCE","static"
"billboard","energy_station_3_board [Device_Billboard_V2_C_UAID_E89C2592D1B5000103_1662303444]","text","CONFIDENCE CORE | Station 3\nPress CLAIM to help Pix use new clues.","energy_station_3_station.board"
"billboard","energy_station_3_door_board [Device_Billboard_V2_C_UAID_E89C2592D1B5000103_1663407446]","text","PREVIEW DOOR: CLOSED","energy_station_3_station.door_board"
"billboard","energy_station_3_energy_board [Device_Billboard_V2_C_UAID_E89C2592D1B5000103_1662795445]","text","AI CONFIDENCE\nClaim to begin","energy_station_3_station.energy_board"
"billboard","energy_station_3_label_add [Device_Billboard_V2_C_UAID_E89C2592D1B5000103_1655045429]","text","+10% CONFIDENCE","static"
"billboard","energy_station_3_label_claim [Device_Billboard_V2_C_UAID_E89C2592D1B5000103_1653892427]","text","CLAIM","static"
"billboard","energy_station_3_label_count [Device_Billboard_V2_C_UAID_E89C2592D1B5000103_1656968433]","text","REPEATS","static"
"billboard","energy_station_3_label_help [Device_Billboard_V2_C_UAID_E89C2592D1B5000103_1658934437]","text","HELP","static"
"billboard","energy_station_3_label_next [Device_Billboard_V2_C_UAID_E89C2592D1B5000103_1660022439]","text","NEXT","static"
"billboard","energy_station_3_label_replay [Device_Billboard_V2_C_UAID_E89C2592D1B5000103_1660903441]","text","REPLAY","static"
"billboard","energy_station_3_label_return [Device_Billboard_V2_C_UAID_E89C2592D1B5000103_1661837443]","text","HUB","static"
"billboard","energy_station_3_label_start [Device_Billboard_V2_C_UAID_E89C2592D1B5000103_1657952435]","text","START / RUN","static"
"billboard","energy_station_3_label_subtract [Device_Billboard_V2_C_UAID_E89C2592D1B5000103_1656023431]","text","-10% CONFIDENCE","static"
"billboard","energy_station_4_board [Device_Billboard_V2_C_UAID_E89C2592D1B5000103_1673181467]","text","CONFIDENCE CORE | Station 4\nPress CLAIM to help Pix use new clues.","energy_station_4_station.board"
"billboard","energy_station_4_door_board [Device_Billboard_V2_C_UAID_E89C2592D1B5000103_1674194469]","text","PREVIEW DOOR: CLOSED","energy_station_4_station.door_board"
"billboard","energy_station_4_energy_board [Device_Billboard_V2_C_UAID_E89C2592D1B5000103_1673678468]","text","AI CONFIDENCE\nClaim to begin","energy_station_4_station.energy_board"
"billboard","energy_station_4_label_add [Device_Billboard_V2_C_UAID_E89C2592D1B5000103_1666232452]","text","+10% CONFIDENCE","static"
"billboard","energy_station_4_label_claim [Device_Billboard_V2_C_UAID_E89C2592D1B5000103_1665286450]","text","CLAIM","static"
"billboard","energy_station_4_label_count [Device_Billboard_V2_C_UAID_E89C2592D1B5000103_1668075456]","text","REPEATS","static"
"billboard","energy_station_4_label_help [Device_Billboard_V2_C_UAID_E89C2592D1B5000103_1669949460]","text","HELP","static"
"billboard","energy_station_4_label_next [Device_Billboard_V2_C_UAID_E89C2592D1B5000103_1670875462]","text","NEXT","static"
"billboard","energy_station_4_label_replay [Device_Billboard_V2_C_UAID_E89C2592D1B5000103_1671772464]","text","REPLAY","static"
"billboard","energy_station_4_label_return [Device_Billboard_V2_C_UAID_E89C2592D1B5000103_1672723466]","text","HUB","static"
"billboard","energy_station_4_label_start [Device_Billboard_V2_C_UAID_E89C2592D1B5000103_1668990458]","text","START / RUN","static"
"billboard","energy_station_4_label_subtract [Device_Billboard_V2_C_UAID_E89C2592D1B5000103_1667125454]","text","-10% CONFIDENCE","static"
"billboard","event_factory_2_board [Device_Billboard_V2_C_UAID_E89C2592D1B50B0103_1122213586]","text","AI TOOL LAB | Station 2\nChoose a tool for each request.\nPress CLAIM to begin.","event_factory_2_station.board"
"billboard","event_factory_2_label_bell [Device_Billboard_V2_C_UAID_E89C2592D1B50B0103_1115262573]","text","SCAN","static"
"billboard","event_factory_2_label_chute [Device_Billboard_V2_C_UAID_E89C2592D1B50B0103_1124079589]","text","SCANNER","static"
"billboard","event_factory_2_label_claim [Device_Billboard_V2_C_UAID_E89C2592D1B50B0103_1111915567]","text","CLAIM","static"
"billboard","event_factory_2_label_demo [Device_Billboard_V2_C_UAID_E89C2592D1B50B0103_1117361577]","text","SHOW REQUEST","static"
"billboard","event_factory_2_label_help [Device_Billboard_V2_C_UAID_E89C2592D1B50B0103_1118428579]","text","HELP","static"
"billboard","event_factory_2_label_lamp [Device_Billboard_V2_C_UAID_E89C2592D1B50B0103_1125189591]","text","LIGHT","static"
"billboard","event_factory_2_label_lever [Device_Billboard_V2_C_UAID_E89C2592D1B50B0103_1116309575]","text","ANNOUNCE","static"
"billboard","event_factory_2_label_link_bell [Device_Billboard_V2_C_UAID_E89C2592D1B50B0103_1113095569]","text","SCAN TOOL","static"
"billboard","event_factory_2_label_link_lever [Device_Billboard_V2_C_UAID_E89C2592D1B50B0103_1114162571]","text","ANNOUNCE TOOL","static"
"billboard","event_factory_2_label_next [Device_Billboard_V2_C_UAID_E89C2592D1B50B0103_1119510581]","text","NEXT","static"
"billboard","event_factory_2_label_parcel [Device_Billboard_V2_C_UAID_E89C2592D1B50B0103_1124633590]","text","CRATE","static"
"billboard","event_factory_2_label_replay [Device_Billboard_V2_C_UAID_E89C2592D1B50B0103_1120594583]","text","REPLAY","static"
"billboard","event_factory_2_label_return [Device_Billboard_V2_C_UAID_E89C2592D1B50B0103_1121627585]","text","HUB","static"
"billboard","event_factory_2_recent_board [Device_Billboard_V2_C_UAID_E89C2592D1B50B0103_1122795587]","text","RECENT REQUEST: none\nTOOL: none","event_factory_2_station.recent_board"
"billboard","event_factory_2_response_board [Device_Billboard_V2_C_UAID_E89C2592D1B50B0103_1123327588]","text","SCANNER: IDLE | CRATE: CLOSED\nSPEAKER: QUIET | LIGHT: OFF","event_factory_2_station.response_board"
"billboard","event_factory_3_board [Device_Billboard_V2_C_UAID_E89C2592D1B50B0103_1137098614]","text","AI TOOL LAB | Station 3\nChoose a tool for each request.\nPress CLAIM to begin.","event_factory_3_station.board"
"billboard","event_factory_3_label_bell [Device_Billboard_V2_C_UAID_E89C2592D1B50B0103_1130330601]","text","SCAN","static"
"billboard","event_factory_3_label_chute [Device_Billboard_V2_C_UAID_E89C2592D1B50B0103_1138884617]","text","SCANNER","static"
"billboard","event_factory_3_label_claim [Device_Billboard_V2_C_UAID_E89C2592D1B50B0103_1127302595]","text","CLAIM","static"
"billboard","event_factory_3_label_demo [Device_Billboard_V2_C_UAID_E89C2592D1B50B0103_1132476605]","text","SHOW REQUEST","static"
"billboard","event_factory_3_label_help [Device_Billboard_V2_C_UAID_E89C2592D1B50B0103_1133438607]","text","HELP","static"
"billboard","event_factory_3_label_lamp [Device_Billboard_V2_C_UAID_E89C2592D1B50B0103_1139954619]","text","LIGHT","static"
"billboard","event_factory_3_label_lever [Device_Billboard_V2_C_UAID_E89C2592D1B50B0103_1131402603]","text","ANNOUNCE","static"
"billboard","event_factory_3_label_link_bell [Device_Billboard_V2_C_UAID_E89C2592D1B50B0103_1128355597]","text","SCAN TOOL","static"
"billboard","event_factory_3_label_link_lever [Device_Billboard_V2_C_UAID_E89C2592D1B50B0103_1129347599]","text","ANNOUNCE TOOL","static"
"billboard","event_factory_3_label_next [Device_Billboard_V2_C_UAID_E89C2592D1B50B0103_1134430609]","text","NEXT","static"
"billboard","event_factory_3_label_parcel [Device_Billboard_V2_C_UAID_E89C2592D1B50B0103_1139434618]","text","CRATE","static"
"billboard","event_factory_3_label_replay [Device_Billboard_V2_C_UAID_E89C2592D1B50B0103_1135469611]","text","REPLAY","static"
"billboard","event_factory_3_label_return [Device_Billboard_V2_C_UAID_E89C2592D1B50B0103_1136544613]","text","HUB","static"
"billboard","event_factory_3_recent_board [Device_Billboard_V2_C_UAID_E89C2592D1B50B0103_1137713615]","text","RECENT REQUEST: none\nTOOL: none","event_factory_3_station.recent_board"
"billboard","event_factory_3_response_board [Device_Billboard_V2_C_UAID_E89C2592D1B50B0103_1138314616]","text","SCANNER: IDLE | CRATE: CLOSED\nSPEAKER: QUIET | LIGHT: OFF","event_factory_3_station.response_board"
"billboard","event_factory_4_board [Device_Billboard_V2_C_UAID_E89C2592D1B50B0103_1151614642]","text","AI TOOL LAB | Station 4\nChoose a tool for each request.\nPress CLAIM to begin.","event_factory_4_station.board"
"billboard","event_factory_4_label_bell [Device_Billboard_V2_C_UAID_E89C2592D1B50B0103_1145041629]","text","SCAN","static"
"billboard","event_factory_4_label_chute [Device_Billboard_V2_C_UAID_E89C2592D1B50B0103_1153297645]","text","SCANNER","static"
"billboard","event_factory_4_label_claim [Device_Billboard_V2_C_UAID_E89C2592D1B50B0103_1141946623]","text","CLAIM","static"
"billboard","event_factory_4_label_demo [Device_Billboard_V2_C_UAID_E89C2592D1B50B0103_1147006633]","text","SHOW REQUEST","static"
"billboard","event_factory_4_label_help [Device_Billboard_V2_C_UAID_E89C2592D1B50B0103_1147968635]","text","HELP","static"
"billboard","event_factory_4_label_lamp [Device_Billboard_V2_C_UAID_E89C2592D1B50B0103_1154349647]","text","LIGHT","static"
"billboard","event_factory_4_label_lever [Device_Billboard_V2_C_UAID_E89C2592D1B50B0103_1146038631]","text","ANNOUNCE","static"
"billboard","event_factory_4_label_link_bell [Device_Billboard_V2_C_UAID_E89C2592D1B50B0103_1143041625]","text","SCAN TOOL","static"
"billboard","event_factory_4_label_link_lever [Device_Billboard_V2_C_UAID_E89C2592D1B50B0103_1144031627]","text","ANNOUNCE TOOL","static"
"billboard","event_factory_4_label_next [Device_Billboard_V2_C_UAID_E89C2592D1B50B0103_1148991637]","text","NEXT","static"
"billboard","event_factory_4_label_parcel [Device_Billboard_V2_C_UAID_E89C2592D1B50B0103_1153847646]","text","CRATE","static"
"billboard","event_factory_4_label_replay [Device_Billboard_V2_C_UAID_E89C2592D1B50B0103_1149996639]","text","REPLAY","static"
"billboard","event_factory_4_label_return [Device_Billboard_V2_C_UAID_E89C2592D1B50B0103_1151062641]","text","HUB","static"
"billboard","event_factory_4_recent_board [Device_Billboard_V2_C_UAID_E89C2592D1B50B0103_1152181643]","text","RECENT REQUEST: none\nTOOL: none","event_factory_4_station.recent_board"
"billboard","event_factory_4_response_board [Device_Billboard_V2_C_UAID_E89C2592D1B50B0103_1152708644]","text","SCANNER: IDLE | CRATE: CLOSED\nSPEAKER: QUIET | LIGHT: OFF","event_factory_4_station.response_board"
"billboard","event_station_1_board [Device_Billboard_V2_C_UAID_E89C2592D1B5080103_1722709025]","text","AI TOOL LAB | Station 1\nChoose a tool for each request.\nPress CLAIM to begin.","event_station_1_station.board"
"billboard","event_station_1_label_bell [Device_Billboard_V2_C_UAID_E89C2592D1B5080103_1716058012]","text","SCAN","static"
"billboard","event_station_1_label_chute [Device_Billboard_V2_C_UAID_E89C2592D1B5080103_1724391028]","text","SCANNER","static"
"billboard","event_station_1_label_claim [Device_Billboard_V2_C_UAID_E89C2592D1B5080103_1712791006]","text","CLAIM","static"
"billboard","event_station_1_label_demo [Device_Billboard_V2_C_UAID_E89C2592D1B5080103_1718157016]","text","SHOW REQUEST","static"
"billboard","event_station_1_label_help [Device_Billboard_V2_C_UAID_E89C2592D1B5080103_1719160018]","text","HELP","static"
"billboard","event_station_1_label_lamp [Device_Billboard_V2_C_UAID_E89C2592D1B5080103_1725601030]","text","LIGHT","static"
"billboard","event_station_1_label_lever [Device_Billboard_V2_C_UAID_E89C2592D1B5080103_1717124014]","text","ANNOUNCE","static"
"billboard","event_station_1_label_link_bell [Device_Billboard_V2_C_UAID_E89C2592D1B5080103_1713927008]","text","SCAN TOOL","static"
"billboard","event_station_1_label_link_lever [Device_Billboard_V2_C_UAID_E89C2592D1B5080103_1715007010]","text","ANNOUNCE TOOL","static"
"billboard","event_station_1_label_next [Device_Billboard_V2_C_UAID_E89C2592D1B5080103_1720191020]","text","NEXT","static"
"billboard","event_station_1_label_parcel [Device_Billboard_V2_C_UAID_E89C2592D1B5080103_1725129029]","text","CRATE","static"
"billboard","event_station_1_label_replay [Device_Billboard_V2_C_UAID_E89C2592D1B5080103_1721157022]","text","REPLAY","static"
"billboard","event_station_1_label_return [Device_Billboard_V2_C_UAID_E89C2592D1B5080103_1722158024]","text","HUB","static"
"billboard","event_station_1_recent_board [Device_Billboard_V2_C_UAID_E89C2592D1B5080103_1723291026]","text","RECENT REQUEST: none\nTOOL: none","event_station_1_station.recent_board"
"billboard","event_station_1_response_board [Device_Billboard_V2_C_UAID_E89C2592D1B5080103_1723860027]","text","SCANNER: IDLE | CRATE: CLOSED\nSPEAKER: QUIET | LIGHT: OFF","event_station_1_station.response_board"
"billboard","event_station_1_route [Device_Billboard_V2_C_UAID_E89C2592D1B5080103_1726186031]","text","AI TOOL LAB\nChoose the tool that matches the request.\nFollow the path south.","static"
"billboard","field_note_cargo_board [Device_Billboard_V2_C_UAID_E89C2592D1B5220103_2063980070]","text","AI DISCOVERY TRAIL: CLASSIFY\nBanana > ?\nFood | Animal | Machine","field_note_controller.cargo_board"
"billboard","field_note_growth_board [Device_Billboard_V2_C_UAID_E89C2592D1B5220103_2061451066]","text","AI DISCOVERY TRAIL: CHECK PIX\nCount the data crates | Pix predicts 5\nOptional: use the button","field_note_controller.growth_board"
"billboard","field_note_human_board [Device_Billboard_V2_C_UAID_E89C2592D1B5880403_2014686007]","text","AI DISCOVERY TRAIL: HUMAN DECISION\nPix says Route A | Route A closed\nChoose with new information","field_note_controller.human_board"
"billboard","field_note_lantern_board [Device_Billboard_V2_C_UAID_E89C2592D1B5220103_2062783068]","text","AI DISCOVERY TRAIL: PATTERN\n1 > 2 > 1 > 2 > 1 > ?\nOptional: use the button","field_note_controller.lantern_board"
"billboard","fn_shoreline_bot_1_execution_board [Device_Billboard_V2_C_UAID_E89C2592D1B50D0103_1863330046]","text","Home: cell 0 | Goal: cell 3","fn_shoreline_bot_1_station.execution_board"
"billboard","fn_shoreline_bot_1_label_cargo [Device_Billboard_V2_C_UAID_E89C2592D1B50D0103_1856187033]","text","Change test item","fn_shoreline_bot_1_station.label_cargo"
"billboard","fn_shoreline_bot_1_label_cell1 [Device_Billboard_V2_C_UAID_E89C2592D1B50D0103_1864441048]","text","CELL 1","fn_shoreline_bot_1_station.label_cell1"
"billboard","fn_shoreline_bot_1_label_cell2 [Device_Billboard_V2_C_UAID_E89C2592D1B50D0103_1865028049]","text","CELL 2","fn_shoreline_bot_1_station.label_cell2"
"billboard","fn_shoreline_bot_1_label_cell3 [Device_Billboard_V2_C_UAID_E89C2592D1B50D0103_1865555050]","text","CELL 3\nANIMAL RESEARCH\nSTATION","fn_shoreline_bot_1_station.label_cell3"
"billboard","fn_shoreline_bot_1_label_claim [Device_Billboard_V2_C_UAID_E89C2592D1B50D0103_1847654017]","text","Claim AI Agent Mission","fn_shoreline_bot_1_station.label_claim"
"billboard","fn_shoreline_bot_1_label_connection [Device_Billboard_V2_C_UAID_E89C2592D1B50D0103_1854070029]","text","Choose Food / Medical / Mechanical crate","fn_shoreline_bot_1_station.label_connection"
"billboard","fn_shoreline_bot_1_label_energy [Device_Billboard_V2_C_UAID_E89C2592D1B50D0103_1853022027]","text","Change starting energy (0-6)","fn_shoreline_bot_1_station.label_energy"
"billboard","fn_shoreline_bot_1_label_garden [Device_Billboard_V2_C_UAID_E89C2592D1B50D0103_1866058051]","text","Food","fn_shoreline_bot_1_station.label_garden"
"billboard","fn_shoreline_bot_1_label_help [Device_Billboard_V2_C_UAID_E89C2592D1B50D0103_1858320037]","text","Help / Worked answer","fn_shoreline_bot_1_station.label_help"
"billboard","fn_shoreline_bot_1_label_home [Device_Billboard_V2_C_UAID_E89C2592D1B50D0103_1863891047]","text","HOME\nCELL 0","fn_shoreline_bot_1_station.label_home"
"billboard","fn_shoreline_bot_1_label_next [Device_Billboard_V2_C_UAID_E89C2592D1B50D0103_1859553039]","text","Next stage / Replay mission","fn_shoreline_bot_1_station.label_next"
"billboard","fn_shoreline_bot_1_label_repeat [Device_Billboard_V2_C_UAID_E89C2592D1B50D0103_1851984025]","text","Change repeat count (1-4)","fn_shoreline_bot_1_station.label_repeat"
"billboard","fn_shoreline_bot_1_label_replay [Device_Billboard_V2_C_UAID_E89C2592D1B50D0103_1860577041]","text","Replay this stage","fn_shoreline_bot_1_station.label_replay"
"billboard","fn_shoreline_bot_1_label_return [Device_Billboard_V2_C_UAID_E89C2592D1B50D0103_1861609043]","text","Return to Academy Hub","fn_shoreline_bot_1_station.label_return"
"billboard","fn_shoreline_bot_1_label_rule [Device_Billboard_V2_C_UAID_E89C2592D1B50D0103_1855138031]","text","Choose classification rule","fn_shoreline_bot_1_station.label_rule"
"billboard","fn_shoreline_bot_1_label_run [Device_Billboard_V2_C_UAID_E89C2592D1B50D0103_1857268035]","text","Run agent plan","fn_shoreline_bot_1_station.label_run"
"billboard","fn_shoreline_bot_1_label_slot_0 [Device_Billboard_V2_C_UAID_E89C2592D1B50D0103_1848721019]","text","Edit agent plan command 1","fn_shoreline_bot_1_station.label_slot_0"
"billboard","fn_shoreline_bot_1_label_slot_1 [Device_Billboard_V2_C_UAID_E89C2592D1B50D0103_1849820021]","text","Edit agent plan command 2","fn_shoreline_bot_1_station.label_slot_1"
"billboard","fn_shoreline_bot_1_label_slot_2 [Device_Billboard_V2_C_UAID_E89C2592D1B50D0103_1850870023]","text","Edit agent plan command 3","fn_shoreline_bot_1_station.label_slot_2"
"billboard","fn_shoreline_bot_1_label_storage [Device_Billboard_V2_C_UAID_E89C2592D1B50D0103_1866616052]","text","Vehicle","fn_shoreline_bot_1_station.label_storage"
"billboard","fn_shoreline_bot_1_mission_board [Device_Billboard_V2_C_UAID_E89C2592D1B50D0103_1862177044]","text","AI AGENT MISSION | Station 1\nAn AI agent gets a goal, makes choices, uses tools, and acts to finish a task.\nEmergency supplies for Animal Research Station.\nUnlock: 7 modules online. Claim to begin.\n1 Medical practice | 2 Pattern dock | 3 Final delivery","fn_shoreline_bot_1_station.mission_board"
"billboard","fn_shoreline_bot_1_program_board [Device_Billboard_V2_C_UAID_E89C2592D1B50D0103_1862776045]","text","Claim to program your robot.","fn_shoreline_bot_1_station.program_board"
"billboard","fn_shoreline_island_bot_2_execution_board [Device_Billboard_V2_C_UAID_E89C2592D1B5130103_1554845148]","text","Home: cell 0 | Goal: cell 3","fn_shoreline_island_bot_2_station.execution_board"
"billboard","fn_shoreline_island_bot_2_label_cargo [Device_Billboard_V2_C_UAID_E89C2592D1B5130103_1547848135]","text","Change test item","fn_shoreline_island_bot_2_station.label_cargo"
"billboard","fn_shoreline_island_bot_2_label_cell1 [Device_Billboard_V2_C_UAID_E89C2592D1B5130103_1555969150]","text","CELL 1","fn_shoreline_island_bot_2_station.label_cell1"
"billboard","fn_shoreline_island_bot_2_label_cell2 [Device_Billboard_V2_C_UAID_E89C2592D1B5130103_1556509151]","text","CELL 2","fn_shoreline_island_bot_2_station.label_cell2"
"billboard","fn_shoreline_island_bot_2_label_cell3 [Device_Billboard_V2_C_UAID_E89C2592D1B5130103_1557047152]","text","CELL 3\nANIMAL RESEARCH\nSTATION","fn_shoreline_island_bot_2_station.label_cell3"
"billboard","fn_shoreline_island_bot_2_label_claim [Device_Billboard_V2_C_UAID_E89C2592D1B5130103_1538292119]","text","Claim AI Agent Mission","fn_shoreline_island_bot_2_station.label_claim"
"billboard","fn_shoreline_island_bot_2_label_connection [Device_Billboard_V2_C_UAID_E89C2592D1B5130103_1545512131]","text","Choose Food / Medical / Mechanical crate","fn_shoreline_island_bot_2_station.label_connection"
"billboard","fn_shoreline_island_bot_2_label_energy [Device_Billboard_V2_C_UAID_E89C2592D1B5130103_1544398129]","text","Change starting energy (0-6)","fn_shoreline_island_bot_2_station.label_energy"
"billboard","fn_shoreline_island_bot_2_label_garden [Device_Billboard_V2_C_UAID_E89C2592D1B5130103_1557618153]","text","Food","fn_shoreline_island_bot_2_station.label_garden"
"billboard","fn_shoreline_island_bot_2_label_help [Device_Billboard_V2_C_UAID_E89C2592D1B5130103_1550044139]","text","Help / Worked answer","fn_shoreline_island_bot_2_station.label_help"
"billboard","fn_shoreline_island_bot_2_label_home [Device_Billboard_V2_C_UAID_E89C2592D1B5130103_1555408149]","text","HOME\nCELL 0","fn_shoreline_island_bot_2_station.label_home"
"billboard","fn_shoreline_island_bot_2_label_next [Device_Billboard_V2_C_UAID_E89C2592D1B5130103_1551082141]","text","Next stage / Replay mission","fn_shoreline_island_bot_2_station.label_next"
"billboard","fn_shoreline_island_bot_2_label_repeat [Device_Billboard_V2_C_UAID_E89C2592D1B5130103_1543247127]","text","Change repeat count (1-4)","fn_shoreline_island_bot_2_station.label_repeat"
"billboard","fn_shoreline_island_bot_2_label_replay [Device_Billboard_V2_C_UAID_E89C2592D1B5130103_1552130143]","text","Replay this stage","fn_shoreline_island_bot_2_station.label_replay"
"billboard","fn_shoreline_island_bot_2_label_return [Device_Billboard_V2_C_UAID_E89C2592D1B5130103_1553131145]","text","Return to Academy Hub","fn_shoreline_island_bot_2_station.label_return"
"billboard","fn_shoreline_island_bot_2_label_rule [Device_Billboard_V2_C_UAID_E89C2592D1B5130103_1546790133]","text","Choose classification rule","fn_shoreline_island_bot_2_station.label_rule"
"billboard","fn_shoreline_island_bot_2_label_run [Device_Billboard_V2_C_UAID_E89C2592D1B5130103_1549012137]","text","Run agent plan","fn_shoreline_island_bot_2_station.label_run"
"billboard","fn_shoreline_island_bot_2_label_slot_0 [Device_Billboard_V2_C_UAID_E89C2592D1B5130103_1539701121]","text","Edit agent plan command 1","fn_shoreline_island_bot_2_station.label_slot_0"
"billboard","fn_shoreline_island_bot_2_label_slot_1 [Device_Billboard_V2_C_UAID_E89C2592D1B5130103_1540917123]","text","Edit agent plan command 2","fn_shoreline_island_bot_2_station.label_slot_1"
"billboard","fn_shoreline_island_bot_2_label_slot_2 [Device_Billboard_V2_C_UAID_E89C2592D1B5130103_1542115125]","text","Edit agent plan command 3","fn_shoreline_island_bot_2_station.label_slot_2"
"billboard","fn_shoreline_island_bot_2_label_storage [Device_Billboard_V2_C_UAID_E89C2592D1B5130103_1558242154]","text","Vehicle","fn_shoreline_island_bot_2_station.label_storage"
"billboard","fn_shoreline_island_bot_2_mission_board [Device_Billboard_V2_C_UAID_E89C2592D1B5130103_1553673146]","text","AI AGENT MISSION | Station 2\nAn AI agent gets a goal, makes choices, uses tools, and acts to finish a task.\nEmergency supplies for Animal Research Station.\nUnlock: 7 modules online. Claim to begin.\n1 Medical practice | 2 Pattern dock | 3 Final delivery","fn_shoreline_island_bot_2_station.mission_board"
"billboard","fn_shoreline_island_bot_2_program_board [Device_Billboard_V2_C_UAID_E89C2592D1B5130103_1554232147]","text","Claim to program your robot.","fn_shoreline_island_bot_2_station.program_board"
"billboard","fn_shoreline_island_bot_3_execution_board [Device_Billboard_V2_C_UAID_E89C2592D1B5130103_1577149187]","text","Home: cell 0 | Goal: cell 3","fn_shoreline_island_bot_3_station.execution_board"
"billboard","fn_shoreline_island_bot_3_label_cargo [Device_Billboard_V2_C_UAID_E89C2592D1B5130103_1569414174]","text","Change test item","fn_shoreline_island_bot_3_station.label_cargo"
"billboard","fn_shoreline_island_bot_3_label_cell1 [Device_Billboard_V2_C_UAID_E89C2592D1B5130103_1578248189]","text","CELL 1","fn_shoreline_island_bot_3_station.label_cell1"
"billboard","fn_shoreline_island_bot_3_label_cell2 [Device_Billboard_V2_C_UAID_E89C2592D1B5130103_1579751190]","text","CELL 2","fn_shoreline_island_bot_3_station.label_cell2"
"billboard","fn_shoreline_island_bot_3_label_cell3 [Device_Billboard_V2_C_UAID_E89C2592D1B5130103_1580386191]","text","CELL 3\nANIMAL RESEARCH\nSTATION","fn_shoreline_island_bot_3_station.label_cell3"
"billboard","fn_shoreline_island_bot_3_label_claim [Device_Billboard_V2_C_UAID_E89C2592D1B5130103_1560351158]","text","Claim AI Agent Mission","fn_shoreline_island_bot_3_station.label_claim"
"billboard","fn_shoreline_island_bot_3_label_connection [Device_Billboard_V2_C_UAID_E89C2592D1B5130103_1567300170]","text","Choose Food / Medical / Mechanical crate","fn_shoreline_island_bot_3_station.label_connection"
"billboard","fn_shoreline_island_bot_3_label_energy [Device_Billboard_V2_C_UAID_E89C2592D1B5130103_1566262168]","text","Change starting energy (0-6)","fn_shoreline_island_bot_3_station.label_energy"
"billboard","fn_shoreline_island_bot_3_label_garden [Device_Billboard_V2_C_UAID_E89C2592D1B5130103_1580969192]","text","Food","fn_shoreline_island_bot_3_station.label_garden"
"billboard","fn_shoreline_island_bot_3_label_help [Device_Billboard_V2_C_UAID_E89C2592D1B5130103_1571614178]","text","Help / Worked answer","fn_shoreline_island_bot_3_station.label_help"
"billboard","fn_shoreline_island_bot_3_label_home [Device_Billboard_V2_C_UAID_E89C2592D1B5130103_1577677188]","text","HOME\nCELL 0","fn_shoreline_island_bot_3_station.label_home"
"billboard","fn_shoreline_island_bot_3_label_next [Device_Billboard_V2_C_UAID_E89C2592D1B5130103_1572682180]","text","Next stage / Replay mission","fn_shoreline_island_bot_3_station.label_next"
"billboard","fn_shoreline_island_bot_3_label_repeat [Device_Billboard_V2_C_UAID_E89C2592D1B5130103_1565200166]","text","Change repeat count (1-4)","fn_shoreline_island_bot_3_station.label_repeat"
"billboard","fn_shoreline_island_bot_3_label_replay [Device_Billboard_V2_C_UAID_E89C2592D1B5130103_1573723182]","text","Replay this stage","fn_shoreline_island_bot_3_station.label_replay"
"billboard","fn_shoreline_island_bot_3_label_return [Device_Billboard_V2_C_UAID_E89C2592D1B5130103_1574814184]","text","Return to Academy Hub","fn_shoreline_island_bot_3_station.label_return"
"billboard","fn_shoreline_island_bot_3_label_rule [Device_Billboard_V2_C_UAID_E89C2592D1B5130103_1568348172]","text","Choose classification rule","fn_shoreline_island_bot_3_station.label_rule"
"billboard","fn_shoreline_island_bot_3_label_run [Device_Billboard_V2_C_UAID_E89C2592D1B5130103_1570562176]","text","Run agent plan","fn_shoreline_island_bot_3_station.label_run"
"billboard","fn_shoreline_island_bot_3_label_slot_0 [Device_Billboard_V2_C_UAID_E89C2592D1B5130103_1561992160]","text","Edit agent plan command 1","fn_shoreline_island_bot_3_station.label_slot_0"
"billboard","fn_shoreline_island_bot_3_label_slot_1 [Device_Billboard_V2_C_UAID_E89C2592D1B5130103_1563035162]","text","Edit agent plan command 2","fn_shoreline_island_bot_3_station.label_slot_1"
"billboard","fn_shoreline_island_bot_3_label_slot_2 [Device_Billboard_V2_C_UAID_E89C2592D1B5130103_1564042164]","text","Edit agent plan command 3","fn_shoreline_island_bot_3_station.label_slot_2"
"billboard","fn_shoreline_island_bot_3_label_storage [Device_Billboard_V2_C_UAID_E89C2592D1B5130103_1581511193]","text","Vehicle","fn_shoreline_island_bot_3_station.label_storage"
"billboard","fn_shoreline_island_bot_3_mission_board [Device_Billboard_V2_C_UAID_E89C2592D1B5130103_1575374185]","text","AI AGENT MISSION | Station 3\nAn AI agent gets a goal, makes choices, uses tools, and acts to finish a task.\nEmergency supplies for Animal Research Station.\nUnlock: 7 modules online. Claim to begin.\n1 Medical practice | 2 Pattern dock | 3 Final delivery","fn_shoreline_island_bot_3_station.mission_board"
"billboard","fn_shoreline_island_bot_3_program_board [Device_Billboard_V2_C_UAID_E89C2592D1B5130103_1576518186]","text","Claim to program your robot.","fn_shoreline_island_bot_3_station.program_board"
"billboard","fn_shoreline_island_bot_4_execution_board [Device_Billboard_V2_C_UAID_E89C2592D1B5130103_1601083226]","text","Home: cell 0 | Goal: cell 3","fn_shoreline_island_bot_4_station.execution_board"
"billboard","fn_shoreline_island_bot_4_label_cargo [Device_Billboard_V2_C_UAID_E89C2592D1B5130103_1594025213]","text","Change test item","fn_shoreline_island_bot_4_station.label_cargo"
"billboard","fn_shoreline_island_bot_4_label_cell1 [Device_Billboard_V2_C_UAID_E89C2592D1B5130103_1602141228]","text","CELL 1","fn_shoreline_island_bot_4_station.label_cell1"
"billboard","fn_shoreline_island_bot_4_label_cell2 [Device_Billboard_V2_C_UAID_E89C2592D1B5130103_1602710229]","text","CELL 2","fn_shoreline_island_bot_4_station.label_cell2"
"billboard","fn_shoreline_island_bot_4_label_cell3 [Device_Billboard_V2_C_UAID_E89C2592D1B5130103_1603476230]","text","CELL 3\nANIMAL RESEARCH\nSTATION","fn_shoreline_island_bot_4_station.label_cell3"
"billboard","fn_shoreline_island_bot_4_label_claim [Device_Billboard_V2_C_UAID_E89C2592D1B5130103_1583607197]","text","Claim AI Agent Mission","fn_shoreline_island_bot_4_station.label_claim"
"billboard","fn_shoreline_island_bot_4_label_connection [Device_Billboard_V2_C_UAID_E89C2592D1B5130103_1591844209]","text","Choose Food / Medical / Mechanical crate","fn_shoreline_island_bot_4_station.label_connection"
"billboard","fn_shoreline_island_bot_4_label_energy [Device_Billboard_V2_C_UAID_E89C2592D1B5130103_1590800207]","text","Change starting energy (0-6)","fn_shoreline_island_bot_4_station.label_energy"
"billboard","fn_shoreline_island_bot_4_label_garden [Device_Billboard_V2_C_UAID_E89C2592D1B5130103_1604006231]","text","Food","fn_shoreline_island_bot_4_station.label_garden"
"billboard","fn_shoreline_island_bot_4_label_help [Device_Billboard_V2_C_UAID_E89C2592D1B5130103_1596089217]","text","Help / Worked answer","fn_shoreline_island_bot_4_station.label_help"
"billboard","fn_shoreline_island_bot_4_label_home [Device_Billboard_V2_C_UAID_E89C2592D1B5130103_1601635227]","text","HOME\nCELL 0","fn_shoreline_island_bot_4_station.label_home"
"billboard","fn_shoreline_island_bot_4_label_next [Device_Billboard_V2_C_UAID_E89C2592D1B5130103_1597144219]","text","Next stage / Replay mission","fn_shoreline_island_bot_4_station.label_next"
"billboard","fn_shoreline_island_bot_4_label_repeat [Device_Billboard_V2_C_UAID_E89C2592D1B5130103_1588663205]","text","Change repeat count (1-4)","fn_shoreline_island_bot_4_station.label_repeat"
"billboard","fn_shoreline_island_bot_4_label_replay [Device_Billboard_V2_C_UAID_E89C2592D1B5130103_1598127221]","text","Replay this stage","fn_shoreline_island_bot_4_station.label_replay"
"billboard","fn_shoreline_island_bot_4_label_return [Device_Billboard_V2_C_UAID_E89C2592D1B5130103_1599416223]","text","Return to Academy Hub","fn_shoreline_island_bot_4_station.label_return"
"billboard","fn_shoreline_island_bot_4_label_rule [Device_Billboard_V2_C_UAID_E89C2592D1B5130103_1592906211]","text","Choose classification rule","fn_shoreline_island_bot_4_station.label_rule"
"billboard","fn_shoreline_island_bot_4_label_run [Device_Billboard_V2_C_UAID_E89C2592D1B5130103_1595050215]","text","Run agent plan","fn_shoreline_island_bot_4_station.label_run"
"billboard","fn_shoreline_island_bot_4_label_slot_0 [Device_Billboard_V2_C_UAID_E89C2592D1B5130103_1584724199]","text","Edit agent plan command 1","fn_shoreline_island_bot_4_station.label_slot_0"
"billboard","fn_shoreline_island_bot_4_label_slot_1 [Device_Billboard_V2_C_UAID_E89C2592D1B5130103_1585737201]","text","Edit agent plan command 2","fn_shoreline_island_bot_4_station.label_slot_1"
"billboard","fn_shoreline_island_bot_4_label_slot_2 [Device_Billboard_V2_C_UAID_E89C2592D1B5130103_1587533203]","text","Edit agent plan command 3","fn_shoreline_island_bot_4_station.label_slot_2"
"billboard","fn_shoreline_island_bot_4_label_storage [Device_Billboard_V2_C_UAID_E89C2592D1B5130103_1604615232]","text","Vehicle","fn_shoreline_island_bot_4_station.label_storage"
"billboard","fn_shoreline_island_bot_4_mission_board [Device_Billboard_V2_C_UAID_E89C2592D1B5130103_1599946224]","text","AI AGENT MISSION | Station 4\nAn AI agent gets a goal, makes choices, uses tools, and acts to finish a task.\nEmergency supplies for Animal Research Station.\nUnlock: 7 modules online. Claim to begin.\n1 Medical practice | 2 Pattern dock | 3 Final delivery","fn_shoreline_island_bot_4_station.mission_board"
"billboard","fn_shoreline_island_bot_4_program_board [Device_Billboard_V2_C_UAID_E89C2592D1B5130103_1600519225]","text","Claim to program your robot.","fn_shoreline_island_bot_4_station.program_board"
"billboard","garden_repair_route [Device_Billboard_V2_C_UAID_E89C2592D1B5F10003_1313263497]","text","FIX THE PROMPT\nOptional: improve an instruction\nFollow the teal path","hub_static_sign_refresh.garden_repair_route"
"billboard","hub_loop_route [Device_Billboard_V2_C_UAID_E89C2592D1B5CD0003_1537700021]","text","PATTERN SCANNER >","hub_static_sign_refresh.hub_loop_route"
"billboard","hub_route_sign [Device_Billboard_V2_C_UAID_E89C2592D1B5C90003_1499694245]","text","PROMPT LAB\nAhead: teach Pix clear instructions","hub_static_sign_refresh.hub_route_sign"
"billboard","loop_0_board [Device_Billboard_V2_C_UAID_E89C2592D1B5CD0003_1332443997]","text","PATTERN SCANNER | Station 1\nPress CLAIM to begin.","loop_station_0.board"
"billboard","loop_0_label_claim [Device_Billboard_V2_C_UAID_E89C2592D1B5CD0003_1536515009]","text","CLAIM","static"
"billboard","loop_0_label_count [Device_Billboard_V2_C_UAID_E89C2592D1B5CD0003_1536901010]","text","COUNT","static"
"billboard","loop_0_label_help [Device_Billboard_V2_C_UAID_E89C2592D1B5CD0003_1537048012]","text","HELP","static"
"billboard","loop_0_label_hub [Device_Billboard_V2_C_UAID_E89C2592D1B5CD0003_1537183014]","text","HUB","static"
"billboard","loop_0_label_next [Device_Billboard_V2_C_UAID_E89C2592D1B5CD0003_1537115013]","text","NEXT","static"
"billboard","loop_0_label_run [Device_Billboard_V2_C_UAID_E89C2592D1B5CD0003_1536971011]","text","RUN","static"
"billboard","loop_0_tile_label_0 [Device_Billboard_V2_C_UAID_E89C2592D1B5CD0003_1537264015]","text","0","static"
"billboard","loop_0_tile_label_1 [Device_Billboard_V2_C_UAID_E89C2592D1B5CD0003_1537339016]","text","1","static"
"billboard","loop_0_tile_label_2 [Device_Billboard_V2_C_UAID_E89C2592D1B5CD0003_1537413017]","text","2","static"
"billboard","loop_0_tile_label_3 [Device_Billboard_V2_C_UAID_E89C2592D1B5CD0003_1537485018]","text","3","static"
"billboard","loop_0_tile_label_4 [Device_Billboard_V2_C_UAID_E89C2592D1B5CD0003_1537551019]","text","4","static"
"billboard","loop_0_tile_label_5 [Device_Billboard_V2_C_UAID_E89C2592D1B5CD0003_1537625020]","text","5","static"
"billboard","loop_1_board [Device_Billboard_V2_C_UAID_E89C2592D1B5EA0003_2042655140]","text","PATTERN SCANNER | Station 2\nPress CLAIM to begin.","loop_station_1.board"
"billboard","loop_1_label_claim [Device_Billboard_V2_C_UAID_E89C2592D1B5EA0003_2042764147]","text","CLAIM","static"
"billboard","loop_1_label_count [Device_Billboard_V2_C_UAID_E89C2592D1B5EA0003_2042781148]","text","COUNT","static"
"billboard","loop_1_label_help [Device_Billboard_V2_C_UAID_E89C2592D1B5EA0003_2042814150]","text","HELP","static"
"billboard","loop_1_label_hub [Device_Billboard_V2_C_UAID_E89C2592D1B5EA0003_2042849152]","text","HUB","static"
"billboard","loop_1_label_next [Device_Billboard_V2_C_UAID_E89C2592D1B5EA0003_2042829151]","text","NEXT","static"
"billboard","loop_1_label_run [Device_Billboard_V2_C_UAID_E89C2592D1B5EA0003_2042799149]","text","RUN","static"
"billboard","loop_1_tile_label_0 [Device_Billboard_V2_C_UAID_E89C2592D1B5EA0003_2042872153]","text","0","static"
"billboard","loop_1_tile_label_1 [Device_Billboard_V2_C_UAID_E89C2592D1B5EA0003_2042887154]","text","1","static"
"billboard","loop_1_tile_label_2 [Device_Billboard_V2_C_UAID_E89C2592D1B5EA0003_2042904155]","text","2","static"
"billboard","loop_1_tile_label_3 [Device_Billboard_V2_C_UAID_E89C2592D1B5EA0003_2042919156]","text","3","static"
"billboard","loop_1_tile_label_4 [Device_Billboard_V2_C_UAID_E89C2592D1B5EA0003_2042934157]","text","4","static"
"billboard","loop_1_tile_label_5 [Device_Billboard_V2_C_UAID_E89C2592D1B5EA0003_2042952158]","text","5","static"
"billboard","loop_2_board [Device_Billboard_V2_C_UAID_E89C2592D1B5EB0003_1105300349]","text","PATTERN SCANNER | Station 3\nPress CLAIM to begin.","loop_station_2.board"
"billboard","loop_2_label_claim [Device_Billboard_V2_C_UAID_E89C2592D1B5EB0003_1105348356]","text","CLAIM","static"
"billboard","loop_2_label_count [Device_Billboard_V2_C_UAID_E89C2592D1B5EB0003_1105361357]","text","COUNT","static"
"billboard","loop_2_label_help [Device_Billboard_V2_C_UAID_E89C2592D1B5EB0003_1105385359]","text","HELP","static"
"billboard","loop_2_label_hub [Device_Billboard_V2_C_UAID_E89C2592D1B5EB0003_1105406361]","text","HUB","static"
"billboard","loop_2_label_next [Device_Billboard_V2_C_UAID_E89C2592D1B5EB0003_1105395360]","text","NEXT","static"
"billboard","loop_2_label_run [Device_Billboard_V2_C_UAID_E89C2592D1B5EB0003_1105373358]","text","RUN","static"
"billboard","loop_2_tile_label_0 [Device_Billboard_V2_C_UAID_E89C2592D1B5EB0003_1105416362]","text","0","static"
"billboard","loop_2_tile_label_1 [Device_Billboard_V2_C_UAID_E89C2592D1B5EB0003_1105427363]","text","1","static"
"billboard","loop_2_tile_label_2 [Device_Billboard_V2_C_UAID_E89C2592D1B5EB0003_1105438364]","text","2","static"
"billboard","loop_2_tile_label_3 [Device_Billboard_V2_C_UAID_E89C2592D1B5EB0003_1105450365]","text","3","static"
"billboard","loop_2_tile_label_4 [Device_Billboard_V2_C_UAID_E89C2592D1B5EB0003_1105460366]","text","4","static"
"billboard","loop_2_tile_label_5 [Device_Billboard_V2_C_UAID_E89C2592D1B5EB0003_1105470367]","text","5","static"
"billboard","loop_3_board [Device_Billboard_V2_C_UAID_E89C2592D1B5EB0003_1122843382]","text","PATTERN SCANNER | Station 4\nPress CLAIM to begin.","loop_station_3.board"
"billboard","loop_3_label_claim [Device_Billboard_V2_C_UAID_E89C2592D1B5EB0003_1122885389]","text","CLAIM","static"
"billboard","loop_3_label_count [Device_Billboard_V2_C_UAID_E89C2592D1B5EB0003_1122895390]","text","COUNT","static"
"billboard","loop_3_label_help [Device_Billboard_V2_C_UAID_E89C2592D1B5EB0003_1122916392]","text","HELP","static"
"billboard","loop_3_label_hub [Device_Billboard_V2_C_UAID_E89C2592D1B5EB0003_1122936394]","text","HUB","static"
"billboard","loop_3_label_next [Device_Billboard_V2_C_UAID_E89C2592D1B5EB0003_1122927393]","text","NEXT","static"
"billboard","loop_3_label_run [Device_Billboard_V2_C_UAID_E89C2592D1B5EB0003_1122905391]","text","RUN","static"
"billboard","loop_3_tile_label_0 [Device_Billboard_V2_C_UAID_E89C2592D1B5EB0003_1122947395]","text","0","static"
"billboard","loop_3_tile_label_1 [Device_Billboard_V2_C_UAID_E89C2592D1B5EB0003_1122964396]","text","1","static"
"billboard","loop_3_tile_label_2 [Device_Billboard_V2_C_UAID_E89C2592D1B5EB0003_1122975397]","text","2","static"
"billboard","loop_3_tile_label_3 [Device_Billboard_V2_C_UAID_E89C2592D1B5EB0003_1122986398]","text","3","static"
"billboard","loop_3_tile_label_4 [Device_Billboard_V2_C_UAID_E89C2592D1B5EB0003_1122997399]","text","4","static"
"billboard","loop_3_tile_label_5 [Device_Billboard_V2_C_UAID_E89C2592D1B5EB0003_1123007400]","text","5","static"
"billboard","nursery_1_remix_label [Device_Billboard_V2_C_UAID_E89C2592D1B5240103_1506811424]","text","REMIX / NORMAL","fn_shoreline_island_nursery_station.remix_label"
"billboard","nursery_2_remix_label [Device_Billboard_V2_C_UAID_E89C2592D1B5240103_1509195426]","text","REMIX / NORMAL","fn_shoreline_island_nursery_station2.remix_label"
"billboard","nursery_3_remix_label [Device_Billboard_V2_C_UAID_E89C2592D1B5240103_1511327428]","text","REMIX / NORMAL","fn_shoreline_island_nursery_station3.remix_label"
"billboard","nursery_4_remix_label [Device_Billboard_V2_C_UAID_E89C2592D1B5240103_1513508430]","text","REMIX / NORMAL","fn_shoreline_island_nursery_station4.remix_label"
"billboard","path_garden_sign [Device_Billboard_V2_C_UAID_E89C2592D1B5C90003_1498972239]","text","PROMPT LAB\nFind Seed > Dig Hole > Plant Seed > Water","hub_static_sign_refresh.path_garden_sign"
"billboard","path_harvest_label [Device_Billboard_V2_C_UAID_E89C2592D1B5C90003_1499475243]","text","4  WATER","hub_static_sign_refresh.path_harvest_label"
"billboard","path_plant_label [Device_Billboard_V2_C_UAID_E89C2592D1B5C90003_1499250241]","text","2  DIG HOLE","hub_static_sign_refresh.path_plant_label"
"billboard","path_return_sign [Device_Billboard_V2_C_UAID_E89C2592D1B5C90003_1499581244]","text","RETURN TO HUB\nUse the button","hub_static_sign_refresh.path_return_sign"
"billboard","path_wait_label [Device_Billboard_V2_C_UAID_E89C2592D1B5C90003_1499358242]","text","3  PLANT SEED","hub_static_sign_refresh.path_wait_label"
"billboard","path_water_label [Device_Billboard_V2_C_UAID_E89C2592D1B5C90003_1499125240]","text","1  FIND SEED","hub_static_sign_refresh.path_water_label"
"billboard","repair_0_board [Device_Billboard_V2_C_UAID_E89C2592D1B5F00003_1933179291]","text","FIX THE PROMPT | Station 1\nOptional practice: improve Pix's instructions.\nPress CLAIM to begin.","repair_station_0.board"
"billboard","repair_0_control_label_0 [Device_Billboard_V2_C_UAID_E89C2592D1B5F10003_1262251483]","text","CLAIM","static"
"billboard","repair_0_control_label_1 [Device_Billboard_V2_C_UAID_E89C2592D1B5F10003_1262768484]","text","SLOT 1","static"
"billboard","repair_0_control_label_2 [Device_Billboard_V2_C_UAID_E89C2592D1B5F10003_1263213485]","text","SLOT 2","static"
"billboard","repair_0_control_label_3 [Device_Billboard_V2_C_UAID_E89C2592D1B5F10003_1263652486]","text","SLOT 3","static"
"billboard","repair_0_control_label_4 [Device_Billboard_V2_C_UAID_E89C2592D1B5F10003_1264103487]","text","SLOT 4","static"
"billboard","repair_0_control_label_5 [Device_Billboard_V2_C_UAID_E89C2592D1B5F10003_1264533488]","text","RUN","static"
"billboard","repair_0_control_label_6 [Device_Billboard_V2_C_UAID_E89C2592D1B5F10003_1264965489]","text","HELP","static"
"billboard","repair_0_control_label_7 [Device_Billboard_V2_C_UAID_E89C2592D1B5F10003_1265393490]","text","REPLAY","static"
"billboard","repair_0_control_label_8 [Device_Billboard_V2_C_UAID_E89C2592D1B5F10003_1265846491]","text","HUB","static"
"billboard","repair_0_stage_label_0 [Device_Billboard_V2_C_UAID_E89C2592D1B5F10003_1266278492]","text","1 FIND CUBE","static"
"billboard","repair_0_stage_label_1 [Device_Billboard_V2_C_UAID_E89C2592D1B5F10003_1266713493]","text","2 PICK UP CUBE","static"
"billboard","repair_0_stage_label_2 [Device_Billboard_V2_C_UAID_E89C2592D1B5F10003_1267132494]","text","3 WALK TO SCANNER","static"
"billboard","repair_0_stage_label_3 [Device_Billboard_V2_C_UAID_E89C2592D1B5F10003_1267592495]","text","4 SCAN CUBE","static"
"billboard","repair_1_board [Device_Billboard_V2_C_UAID_E89C2592D1B5F30003_1411772852]","text","FIX THE PROMPT | Station 2\nOptional practice: improve Pix's instructions.\nPress CLAIM to begin.","repair_station_1.board"
"billboard","repair_1_control_label_0 [Device_Billboard_V2_C_UAID_E89C2592D1B5F30003_1412095868]","text","CLAIM","static"
"billboard","repair_1_control_label_1 [Device_Billboard_V2_C_UAID_E89C2592D1B5F30003_1412113869]","text","SLOT 1","static"
"billboard","repair_1_control_label_2 [Device_Billboard_V2_C_UAID_E89C2592D1B5F30003_1412131870]","text","SLOT 2","static"
"billboard","repair_1_control_label_3 [Device_Billboard_V2_C_UAID_E89C2592D1B5F30003_1412149871]","text","SLOT 3","static"
"billboard","repair_1_control_label_4 [Device_Billboard_V2_C_UAID_E89C2592D1B5F30003_1412169872]","text","SLOT 4","static"
"billboard","repair_1_control_label_5 [Device_Billboard_V2_C_UAID_E89C2592D1B5F30003_1412186873]","text","RUN","static"
"billboard","repair_1_control_label_6 [Device_Billboard_V2_C_UAID_E89C2592D1B5F30003_1412201874]","text","HELP","static"
"billboard","repair_1_control_label_7 [Device_Billboard_V2_C_UAID_E89C2592D1B5F30003_1412217875]","text","REPLAY","static"
"billboard","repair_1_control_label_8 [Device_Billboard_V2_C_UAID_E89C2592D1B5F30003_1412234876]","text","HUB","static"
"billboard","repair_1_stage_label_0 [Device_Billboard_V2_C_UAID_E89C2592D1B5F30003_1412254877]","text","1 FIND CUBE","static"
"billboard","repair_1_stage_label_1 [Device_Billboard_V2_C_UAID_E89C2592D1B5F30003_1412272878]","text","2 PICK UP CUBE","static"
"billboard","repair_1_stage_label_2 [Device_Billboard_V2_C_UAID_E89C2592D1B5F30003_1412286879]","text","3 WALK TO SCANNER","static"
"billboard","repair_1_stage_label_3 [Device_Billboard_V2_C_UAID_E89C2592D1B5F30003_1412303880]","text","4 SCAN CUBE","static"
"billboard","repair_2_board [Device_Billboard_V2_C_UAID_E89C2592D1B5F30003_1547481882]","text","FIX THE PROMPT | Station 3\nOptional practice: improve Pix's instructions.\nPress CLAIM to begin.","repair_station_2.board"
"billboard","repair_2_control_label_0 [Device_Billboard_V2_C_UAID_E89C2592D1B5F30003_1547633898]","text","CLAIM","static"
"billboard","repair_2_control_label_1 [Device_Billboard_V2_C_UAID_E89C2592D1B5F30003_1547647899]","text","SLOT 1","static"
"billboard","repair_2_control_label_2 [Device_Billboard_V2_C_UAID_E89C2592D1B5F30003_1547659900]","text","SLOT 2","static"
"billboard","repair_2_control_label_3 [Device_Billboard_V2_C_UAID_E89C2592D1B5F30003_1547673901]","text","SLOT 3","static"
"billboard","repair_2_control_label_4 [Device_Billboard_V2_C_UAID_E89C2592D1B5F30003_1547687902]","text","SLOT 4","static"
"billboard","repair_2_control_label_5 [Device_Billboard_V2_C_UAID_E89C2592D1B5F30003_1547698903]","text","RUN","static"
"billboard","repair_2_control_label_6 [Device_Billboard_V2_C_UAID_E89C2592D1B5F30003_1547710904]","text","HELP","static"
"billboard","repair_2_control_label_7 [Device_Billboard_V2_C_UAID_E89C2592D1B5F30003_1547723905]","text","REPLAY","static"
"billboard","repair_2_control_label_8 [Device_Billboard_V2_C_UAID_E89C2592D1B5F30003_1547738906]","text","HUB","static"
"billboard","repair_2_stage_label_0 [Device_Billboard_V2_C_UAID_E89C2592D1B5F30003_1547751907]","text","1 FIND CUBE","static"
"billboard","repair_2_stage_label_1 [Device_Billboard_V2_C_UAID_E89C2592D1B5F30003_1547762908]","text","2 PICK UP CUBE","static"
"billboard","repair_2_stage_label_2 [Device_Billboard_V2_C_UAID_E89C2592D1B5F30003_1547774909]","text","3 WALK TO SCANNER","static"
"billboard","repair_2_stage_label_3 [Device_Billboard_V2_C_UAID_E89C2592D1B5F30003_1547787910]","text","4 SCAN CUBE","static"
"billboard","repair_3_board [Device_Billboard_V2_C_UAID_E89C2592D1B5F30003_1624587912]","text","FIX THE PROMPT | Station 4\nOptional practice: improve Pix's instructions.\nPress CLAIM to begin.","repair_station_3.board"
"billboard","repair_3_control_label_0 [Device_Billboard_V2_C_UAID_E89C2592D1B5F30003_1624744928]","text","CLAIM","static"
"billboard","repair_3_control_label_1 [Device_Billboard_V2_C_UAID_E89C2592D1B5F30003_1624754929]","text","SLOT 1","static"
"billboard","repair_3_control_label_2 [Device_Billboard_V2_C_UAID_E89C2592D1B5F30003_1624763930]","text","SLOT 2","static"
"billboard","repair_3_control_label_3 [Device_Billboard_V2_C_UAID_E89C2592D1B5F30003_1624771931]","text","SLOT 3","static"
"billboard","repair_3_control_label_4 [Device_Billboard_V2_C_UAID_E89C2592D1B5F30003_1624781932]","text","SLOT 4","static"
"billboard","repair_3_control_label_5 [Device_Billboard_V2_C_UAID_E89C2592D1B5F30003_1624793933]","text","RUN","static"
"billboard","repair_3_control_label_6 [Device_Billboard_V2_C_UAID_E89C2592D1B5F30003_1624806934]","text","HELP","static"
"billboard","repair_3_control_label_7 [Device_Billboard_V2_C_UAID_E89C2592D1B5F30003_1624815935]","text","REPLAY","static"
"billboard","repair_3_control_label_8 [Device_Billboard_V2_C_UAID_E89C2592D1B5F30003_1624825936]","text","HUB","static"
"billboard","repair_3_stage_label_0 [Device_Billboard_V2_C_UAID_E89C2592D1B5F30003_1624837937]","text","1 FIND CUBE","static"
"billboard","repair_3_stage_label_1 [Device_Billboard_V2_C_UAID_E89C2592D1B5F30003_1624847938]","text","2 PICK UP CUBE","static"
"billboard","repair_3_stage_label_2 [Device_Billboard_V2_C_UAID_E89C2592D1B5F30003_1624856939]","text","3 WALK TO SCANNER","static"
"billboard","repair_3_stage_label_3 [Device_Billboard_V2_C_UAID_E89C2592D1B5F30003_1624867940]","text","4 SCAN CUBE","static"
"billboard","signal_0_board [Device_Billboard_V2_C_UAID_E89C2592D1B5F50003_1591530307]","text","AI CLASSIFIER | Station 1\nPress CLAIM to sort incoming items.","signal_station_0.board"
"billboard","signal_0_cargo_board [Device_Billboard_V2_C_UAID_E89C2592D1B5F50003_1592496309]","text","INCOMING ITEM QUEUE","signal_station_0.cargo_board"
"billboard","signal_0_dock_label_garden [Device_Billboard_V2_C_UAID_E89C2592D1B5F50003_1735130328]","text","FOOD","static"
"billboard","signal_0_dock_label_storage [Device_Billboard_V2_C_UAID_E89C2592D1B5F50003_1736059330]","text","VEHICLE","static"
"billboard","signal_0_dock_label_workshop [Device_Billboard_V2_C_UAID_E89C2592D1B5F50003_1735585329]","text","ANIMAL","static"
"billboard","signal_0_label_claim [Device_Billboard_V2_C_UAID_E89C2592D1B5F50003_1730455318]","text","CLAIM","static"
"billboard","signal_0_label_garden [Device_Billboard_V2_C_UAID_E89C2592D1B5F50003_1730963319]","text","FOOD","static"
"billboard","signal_0_label_help [Device_Billboard_V2_C_UAID_E89C2592D1B5F50003_1733309324]","text","HELP","static"
"billboard","signal_0_label_hub [Device_Billboard_V2_C_UAID_E89C2592D1B5F50003_1734692327]","text","HUB","static"
"billboard","signal_0_label_next [Device_Billboard_V2_C_UAID_E89C2592D1B5F50003_1733795325]","text","NEXT","static"
"billboard","signal_0_label_replay [Device_Billboard_V2_C_UAID_E89C2592D1B5F50003_1734243326]","text","REPLAY","static"
"billboard","signal_0_label_rule [Device_Billboard_V2_C_UAID_E89C2592D1B5F50003_1732342322]","text","RULE","static"
"billboard","signal_0_label_run [Device_Billboard_V2_C_UAID_E89C2592D1B5F50003_1732809323]","text","RUN","static"
"billboard","signal_0_label_storage [Device_Billboard_V2_C_UAID_E89C2592D1B5F50003_1731890321]","text","VEHICLE","static"
"billboard","signal_0_label_workshop [Device_Billboard_V2_C_UAID_E89C2592D1B5F50003_1731443320]","text","ANIMAL","static"
"billboard","signal_0_rule_board [Device_Billboard_V2_C_UAID_E89C2592D1B5F50003_1592028308]","text","CLASSIFICATION RULE\nChoose Food, Animal, or Vehicle.","signal_station_0.rule_board"
"billboard","signal_1_board [Device_Billboard_V2_C_UAID_E89C2592D1B5F90003_1604034048]","text","AI CLASSIFIER | Station 2\nPress CLAIM to sort incoming items.","signal_station_1.board"
"billboard","signal_1_cargo_board [Device_Billboard_V2_C_UAID_E89C2592D1B5F90003_1604096050]","text","INCOMING ITEM QUEUE","signal_station_1.cargo_board"
"billboard","signal_1_dock_label_garden [Device_Billboard_V2_C_UAID_E89C2592D1B5F90003_1604330068]","text","FOOD","static"
"billboard","signal_1_dock_label_storage [Device_Billboard_V2_C_UAID_E89C2592D1B5F90003_1604357070]","text","VEHICLE","static"
"billboard","signal_1_dock_label_workshop [Device_Billboard_V2_C_UAID_E89C2592D1B5F90003_1604342069]","text","ANIMAL","static"
"billboard","signal_1_label_claim [Device_Billboard_V2_C_UAID_E89C2592D1B5F90003_1604175058]","text","CLAIM","static"
"billboard","signal_1_label_garden [Device_Billboard_V2_C_UAID_E89C2592D1B5F90003_1604190059]","text","FOOD","static"
"billboard","signal_1_label_help [Device_Billboard_V2_C_UAID_E89C2592D1B5F90003_1604264064]","text","HELP","static"
"billboard","signal_1_label_hub [Device_Billboard_V2_C_UAID_E89C2592D1B5F90003_1604314067]","text","HUB","static"
"billboard","signal_1_label_next [Device_Billboard_V2_C_UAID_E89C2592D1B5F90003_1604280065]","text","NEXT","static"
"billboard","signal_1_label_replay [Device_Billboard_V2_C_UAID_E89C2592D1B5F90003_1604295066]","text","REPLAY","static"
"billboard","signal_1_label_rule [Device_Billboard_V2_C_UAID_E89C2592D1B5F90003_1604239062]","text","RULE","static"
"billboard","signal_1_label_run [Device_Billboard_V2_C_UAID_E89C2592D1B5F90003_1604251063]","text","RUN","static"
"billboard","signal_1_label_storage [Device_Billboard_V2_C_UAID_E89C2592D1B5F90003_1604225061]","text","VEHICLE","static"
"billboard","signal_1_label_workshop [Device_Billboard_V2_C_UAID_E89C2592D1B5F90003_1604206060]","text","ANIMAL","static"
"billboard","signal_1_rule_board [Device_Billboard_V2_C_UAID_E89C2592D1B5F90003_1604080049]","text","CLASSIFICATION RULE\nChoose Food, Animal, or Vehicle.","signal_station_1.rule_board"
"billboard","signal_2_board [Device_Billboard_V2_C_UAID_E89C2592D1B5F90003_1784780083]","text","AI CLASSIFIER | Station 3\nPress CLAIM to sort incoming items.","signal_station_2.board"
"billboard","signal_2_cargo_board [Device_Billboard_V2_C_UAID_E89C2592D1B5F90003_1784802085]","text","INCOMING ITEM QUEUE","signal_station_2.cargo_board"
"billboard","signal_2_dock_label_garden [Device_Billboard_V2_C_UAID_E89C2592D1B5F90003_1784967103]","text","FOOD","static"
"billboard","signal_2_dock_label_storage [Device_Billboard_V2_C_UAID_E89C2592D1B5F90003_1784992105]","text","VEHICLE","static"
"billboard","signal_2_dock_label_workshop [Device_Billboard_V2_C_UAID_E89C2592D1B5F90003_1784980104]","text","ANIMAL","static"
"billboard","signal_2_how_to_play_sign [Device_Billboard_V2_C_UAID_E89C2592D1B5250403_1859477576]","text","1. CLAIM THE CLASSIFIER\n2. READ THE INCOMING ITEM\n3. CHOOSE ITS CATEGORY","static"
"billboard","signal_2_label_claim [Device_Billboard_V2_C_UAID_E89C2592D1B5F90003_1784855093]","text","CLAIM","static"
"billboard","signal_2_label_garden [Device_Billboard_V2_C_UAID_E89C2592D1B5F90003_1784864094]","text","FOOD","static"
"billboard","signal_2_label_help [Device_Billboard_V2_C_UAID_E89C2592D1B5F90003_1784927099]","text","HELP","static"
"billboard","signal_2_label_hub [Device_Billboard_V2_C_UAID_E89C2592D1B5F90003_1784956102]","text","HUB","static"
"billboard","signal_2_label_next [Device_Billboard_V2_C_UAID_E89C2592D1B5F90003_1784937100]","text","NEXT","static"
"billboard","signal_2_label_replay [Device_Billboard_V2_C_UAID_E89C2592D1B5F90003_1784946101]","text","REPLAY","static"
"billboard","signal_2_label_rule [Device_Billboard_V2_C_UAID_E89C2592D1B5F90003_1784900097]","text","RULE","static"
"billboard","signal_2_label_run [Device_Billboard_V2_C_UAID_E89C2592D1B5F90003_1784912098]","text","RUN","static"
"billboard","signal_2_label_storage [Device_Billboard_V2_C_UAID_E89C2592D1B5F90003_1784887096]","text","VEHICLE","static"
"billboard","signal_2_label_workshop [Device_Billboard_V2_C_UAID_E89C2592D1B5F90003_1784875095]","text","ANIMAL","static"
"billboard","signal_2_rule_board [Device_Billboard_V2_C_UAID_E89C2592D1B5F90003_1784792084]","text","CLASSIFICATION RULE\nChoose Food, Animal, or Vehicle.","signal_station_2.rule_board"
"billboard","signal_2_start_here_sign [Device_Billboard_V2_C_UAID_E89C2592D1B5250403_1839523575]","text","AI CLASSIFIER\nSTART HERE: PRESS CLAIM","static"
"billboard","signal_3_board [Device_Billboard_V2_C_UAID_E89C2592D1B5F90003_1880701118]","text","AI CLASSIFIER | Station 4\nPress CLAIM to sort incoming items.","signal_station_3.board"
"billboard","signal_3_cargo_board [Device_Billboard_V2_C_UAID_E89C2592D1B5F90003_1880721120]","text","INCOMING ITEM QUEUE","signal_station_3.cargo_board"
"billboard","signal_3_dock_label_garden [Device_Billboard_V2_C_UAID_E89C2592D1B5F90003_1880854138]","text","FOOD","static"
"billboard","signal_3_dock_label_storage [Device_Billboard_V2_C_UAID_E89C2592D1B5F90003_1880876140]","text","VEHICLE","static"
"billboard","signal_3_dock_label_workshop [Device_Billboard_V2_C_UAID_E89C2592D1B5F90003_1880864139]","text","ANIMAL","static"
"billboard","signal_3_label_claim [Device_Billboard_V2_C_UAID_E89C2592D1B5F90003_1880759128]","text","CLAIM","static"
"billboard","signal_3_label_garden [Device_Billboard_V2_C_UAID_E89C2592D1B5F90003_1880769129]","text","FOOD","static"
"billboard","signal_3_label_help [Device_Billboard_V2_C_UAID_E89C2592D1B5F90003_1880816134]","text","HELP","static"
"billboard","signal_3_label_hub [Device_Billboard_V2_C_UAID_E89C2592D1B5F90003_1880845137]","text","HUB","static"
"billboard","signal_3_label_next [Device_Billboard_V2_C_UAID_E89C2592D1B5F90003_1880826135]","text","NEXT","static"
"billboard","signal_3_label_replay [Device_Billboard_V2_C_UAID_E89C2592D1B5F90003_1880834136]","text","REPLAY","static"
"billboard","signal_3_label_rule [Device_Billboard_V2_C_UAID_E89C2592D1B5F90003_1880795132]","text","RULE","static"
"billboard","signal_3_label_run [Device_Billboard_V2_C_UAID_E89C2592D1B5F90003_1880805133]","text","RUN","static"
"billboard","signal_3_label_storage [Device_Billboard_V2_C_UAID_E89C2592D1B5F90003_1880785131]","text","VEHICLE","static"
"billboard","signal_3_label_workshop [Device_Billboard_V2_C_UAID_E89C2592D1B5F90003_1880777130]","text","ANIMAL","static"
"billboard","signal_3_rule_board [Device_Billboard_V2_C_UAID_E89C2592D1B5F90003_1880709119]","text","CLASSIFICATION RULE\nChoose Food, Animal, or Vehicle.","signal_station_3.rule_board"
"billboard","signal_hub_route [Device_Billboard_V2_C_UAID_E89C2592D1B5F50003_1736548331]","text","AI CLASSIFIER >\nSort incoming items into categories.","hub_static_sign_refresh.signal_hub_route"
"button","path_water_button [Device_Button_V2_C_UAID_E89C2592D1B5C80003_1554021031]","interaction Text","Find Seed","Verse matches saved default"
"button","repair_2_return_button [Device_Button_V2_C_UAID_E89C2592D1B5F30003_1547589892]","interaction Text","RETURN","Verse may override"
"button","path_plant_button [Device_Button_V2_C_UAID_E89C2592D1B5C80003_1789724033]","interaction Text","Dig Hole","Verse matches saved default"
"button","path_wait_button [Device_Button_V2_C_UAID_E89C2592D1B5C80003_1793392034]","interaction Text","Plant Seed","Verse matches saved default"
"button","path_harvest_button [Device_Button_V2_C_UAID_E89C2592D1B5C80003_1796390035]","interaction Text","Water","Verse matches saved default"
"button","path_return_button [Device_Button_V2_C_UAID_E89C2592D1B5C80003_1799725036]","interaction Text","Return","Verse may override"
"button","event_factory_2_bell_button [Device_Button_V2_C_UAID_E89C2592D1B50B0103_1114778572]","interaction Text","Test Scan Object / Identify Scan","Verse matches saved default"
"button","event_factory_2_lever_button [Device_Button_V2_C_UAID_E89C2592D1B50B0103_1115812574]","interaction Text","Test Announce Result / Identify Announce","Verse matches saved default"
"button","event_factory_2_link_bell_button [Device_Button_V2_C_UAID_E89C2592D1B50B0103_1112590568]","interaction Text","Choose Scan Object tool","Verse matches saved default"
"button","event_factory_2_link_lever_button [Device_Button_V2_C_UAID_E89C2592D1B50B0103_1113643570]","interaction Text","Choose Announce Result tool","Verse matches saved default"
"button","event_factory_3_bell_button [Device_Button_V2_C_UAID_E89C2592D1B50B0103_1129841600]","interaction Text","Test Scan Object / Identify Scan","Verse matches saved default"
"button","event_factory_3_lever_button [Device_Button_V2_C_UAID_E89C2592D1B50B0103_1130912602]","interaction Text","Test Announce Result / Identify Announce","Verse matches saved default"
"button","event_factory_3_link_bell_button [Device_Button_V2_C_UAID_E89C2592D1B50B0103_1127872596]","interaction Text","Choose Scan Object tool","Verse matches saved default"
"button","event_factory_3_link_lever_button [Device_Button_V2_C_UAID_E89C2592D1B50B0103_1128887598]","interaction Text","Choose Announce Result tool","Verse matches saved default"
"button","event_factory_4_bell_button [Device_Button_V2_C_UAID_E89C2592D1B50B0103_1144571628]","interaction Text","Test Scan Object / Identify Scan","Verse matches saved default"
"button","event_factory_4_lever_button [Device_Button_V2_C_UAID_E89C2592D1B50B0103_1145551630]","interaction Text","Test Announce Result / Identify Announce","Verse matches saved default"
"button","event_factory_4_link_bell_button [Device_Button_V2_C_UAID_E89C2592D1B50B0103_1142558624]","interaction Text","Choose Scan Object tool","Verse matches saved default"
"button","event_factory_4_link_lever_button [Device_Button_V2_C_UAID_E89C2592D1B50B0103_1143579626]","interaction Text","Choose Announce Result tool","Verse matches saved default"
"button","event_station_1_bell_button [Device_Button_V2_C_UAID_E89C2592D1B5080103_1715542011]","interaction Text","Test Scan Object / Identify Scan","Verse matches saved default"
"button","event_station_1_lever_button [Device_Button_V2_C_UAID_E89C2592D1B5080103_1716607013]","interaction Text","Test Announce Result / Identify Announce","Verse matches saved default"
"button","event_station_1_link_bell_button [Device_Button_V2_C_UAID_E89C2592D1B5080103_1713373007]","interaction Text","Choose Scan Object tool","Verse matches saved default"
"button","event_station_1_link_lever_button [Device_Button_V2_C_UAID_E89C2592D1B5080103_1714508009]","interaction Text","Choose Announce Result tool","Verse matches saved default"
"button","event_station_1_demo_button [Device_Button_V2_C_UAID_E89C2592D1B5080103_1717691015]","interaction Text","Show the recent request again","event_station_1_station.demo_button"
"button","event_factory_2_demo_button [Device_Button_V2_C_UAID_E89C2592D1B50B0103_1116877576]","interaction Text","Show the recent request again","event_factory_2_station.demo_button"
"button","event_factory_3_demo_button [Device_Button_V2_C_UAID_E89C2592D1B50B0103_1132008604]","interaction Text","Show the recent request again","event_factory_3_station.demo_button"
"button","event_factory_4_demo_button [Device_Button_V2_C_UAID_E89C2592D1B50B0103_1146565632]","interaction Text","Show the recent request again","event_factory_4_station.demo_button"
"button","energy_0_count_button [Device_Button_V2_C_UAID_E89C2592D1B5FD0003_1831496853]","interaction Text","Choose clue updates (1-5)","Verse matches saved default"
"button","energy_0_start_button [Device_Button_V2_C_UAID_E89C2592D1B5FD0003_1832387855]","interaction Text","Start / Run","Verse matches saved default"
"button","energy_station_2_count_button [Device_Button_V2_C_UAID_E89C2592D1B5000103_1644827409]","interaction Text","Choose clue updates (1-5)","Verse matches saved default"
"button","energy_station_2_start_button [Device_Button_V2_C_UAID_E89C2592D1B5000103_1645893411]","interaction Text","Start / Run","Verse matches saved default"
"button","energy_station_3_count_button [Device_Button_V2_C_UAID_E89C2592D1B5000103_1656517432]","interaction Text","Choose clue updates (1-5)","Verse matches saved default"
"button","energy_station_3_start_button [Device_Button_V2_C_UAID_E89C2592D1B5000103_1657454434]","interaction Text","Start / Run","Verse matches saved default"
"button","energy_station_4_count_button [Device_Button_V2_C_UAID_E89C2592D1B5000103_1667666455]","interaction Text","Choose clue updates (1-5)","Verse matches saved default"
"button","energy_station_4_start_button [Device_Button_V2_C_UAID_E89C2592D1B5000103_1668555457]","interaction Text","Start / Run","Verse matches saved default"
"button","field_note_growth_button [Device_Button_V2_C_UAID_E89C2592D1B5220103_2060686065]","interaction Text","AI Discovery: Check Pix's crate count","Verse matches saved default"
"button","field_note_lantern_button [Device_Button_V2_C_UAID_E89C2592D1B5220103_2062192067]","interaction Text","AI Discovery: Observe a pattern","Verse matches saved default"
"button","field_note_cargo_button [Device_Button_V2_C_UAID_E89C2592D1B5220103_2063425069]","interaction Text","AI Discovery: Observe categories","Verse matches saved default"
"button","loop_0_run_button [Device_Button_V2_C_UAID_E89C2592D1B5CD0003_1332058992]","interaction Text","Run the pattern","Verse matches saved default"
"button","loop_1_run_button [Device_Button_V2_C_UAID_E89C2592D1B5EA0003_2042566135]","interaction Text","Run the pattern","Verse matches saved default"
"button","loop_2_run_button [Device_Button_V2_C_UAID_E89C2592D1B5EB0003_1105245344]","interaction Text","Run the pattern","Verse matches saved default"
"button","loop_3_run_button [Device_Button_V2_C_UAID_E89C2592D1B5EB0003_1122795377]","interaction Text","Run the pattern","Verse matches saved default"
"button","repair_3_run_button [Device_Button_V2_C_UAID_E89C2592D1B5F30003_1624664919]","interaction Text","RUN","Verse may override"
"button","repair_0_slot_4 [Device_Button_V2_C_UAID_E89C2592D1B5F00003_1935865297]","interaction Text","SLOT 4","Verse may override"
"button","repair_0_return_button [Device_Button_V2_C_UAID_E89C2592D1B5F00003_1937530301]","interaction Text","RETURN","Verse may override"
"button","repair_3_slot_2 [Device_Button_V2_C_UAID_E89C2592D1B5F30003_1624629916]","interaction Text","SLOT 2","Verse may override"
"button","repair_2_replay_button [Device_Button_V2_C_UAID_E89C2592D1B5F30003_1547580891]","interaction Text","REPLAY","Verse may override"
"button","repair_1_claim_button [Device_Button_V2_C_UAID_E89C2592D1B5F30003_1411858854]","interaction Text","CLAIM","Verse may override"
"button","repair_3_replay_button [Device_Button_V2_C_UAID_E89C2592D1B5F30003_1624683921]","interaction Text","REPLAY","Verse may override"
"button","repair_3_slot_4 [Device_Button_V2_C_UAID_E89C2592D1B5F30003_1624654918]","interaction Text","SLOT 4","Verse may override"
"button","repair_1_run_button [Device_Button_V2_C_UAID_E89C2592D1B5F30003_1411967859]","interaction Text","RUN","Verse may override"
"button","repair_0_slot_1 [Device_Button_V2_C_UAID_E89C2592D1B5F00003_1934730294]","interaction Text","SLOT 1","Verse may override"
"button","repair_1_slot_1 [Device_Button_V2_C_UAID_E89C2592D1B5F30003_1411896855]","interaction Text","SLOT 1","Verse may override"
"button","repair_1_slot_2 [Device_Button_V2_C_UAID_E89C2592D1B5F30003_1411916856]","interaction Text","SLOT 2","Verse may override"
"button","repair_1_slot_3 [Device_Button_V2_C_UAID_E89C2592D1B5F30003_1411932857]","interaction Text","SLOT 3","Verse may override"
"button","repair_1_slot_4 [Device_Button_V2_C_UAID_E89C2592D1B5F30003_1411948858]","interaction Text","SLOT 4","Verse may override"
"button","repair_1_help_button [Device_Button_V2_C_UAID_E89C2592D1B5F30003_1411986860]","interaction Text","HELP","Verse may override"
"button","repair_1_replay_button [Device_Button_V2_C_UAID_E89C2592D1B5F30003_1412003861]","interaction Text","REPLAY","Verse may override"
"button","repair_1_return_button [Device_Button_V2_C_UAID_E89C2592D1B5F30003_1412022862]","interaction Text","RETURN","Verse may override"
"button","repair_3_return_button [Device_Button_V2_C_UAID_E89C2592D1B5F30003_1624693922]","interaction Text","RETURN","Verse may override"
"button","repair_2_slot_4 [Device_Button_V2_C_UAID_E89C2592D1B5F30003_1547550888]","interaction Text","SLOT 4","Verse may override"
"button","repair_0_run_button [Device_Button_V2_C_UAID_E89C2592D1B5F00003_1936324298]","interaction Text","RUN","Verse may override"
"button","repair_3_claim_button [Device_Button_V2_C_UAID_E89C2592D1B5F30003_1624609914]","interaction Text","CLAIM","Verse may override"
"button","repair_3_slot_1 [Device_Button_V2_C_UAID_E89C2592D1B5F30003_1624621915]","interaction Text","SLOT 1","Verse may override"
"button","repair_3_slot_3 [Device_Button_V2_C_UAID_E89C2592D1B5F30003_1624643917]","interaction Text","SLOT 3","Verse may override"
"button","repair_3_help_button [Device_Button_V2_C_UAID_E89C2592D1B5F30003_1624673920]","interaction Text","HELP","Verse may override"
"button","repair_2_slot_1 [Device_Button_V2_C_UAID_E89C2592D1B5F30003_1547520885]","interaction Text","SLOT 1","Verse may override"
"button","repair_0_replay_button [Device_Button_V2_C_UAID_E89C2592D1B5F00003_1937118300]","interaction Text","REPLAY","Verse may override"
"button","repair_0_slot_2 [Device_Button_V2_C_UAID_E89C2592D1B5F00003_1935114295]","interaction Text","SLOT 2","Verse may override"
"button","repair_2_help_button [Device_Button_V2_C_UAID_E89C2592D1B5F30003_1547571890]","interaction Text","HELP","Verse may override"
"button","repair_2_run_button [Device_Button_V2_C_UAID_E89C2592D1B5F30003_1547561889]","interaction Text","RUN","Verse may override"
"button","repair_2_slot_3 [Device_Button_V2_C_UAID_E89C2592D1B5F30003_1547541887]","interaction Text","SLOT 3","Verse may override"
"button","repair_0_slot_3 [Device_Button_V2_C_UAID_E89C2592D1B5F00003_1935482296]","interaction Text","SLOT 3","Verse may override"
"button","repair_2_claim_button [Device_Button_V2_C_UAID_E89C2592D1B5F30003_1547508884]","interaction Text","CLAIM","Verse may override"
"button","repair_2_slot_2 [Device_Button_V2_C_UAID_E89C2592D1B5F30003_1547530886]","interaction Text","SLOT 2","Verse may override"
"button","repair_0_help_button [Device_Button_V2_C_UAID_E89C2592D1B5F00003_1936698299]","interaction Text","HELP","Verse may override"
"button","repair_0_claim_button [Device_Button_V2_C_UAID_E89C2592D1B5F00003_1934314293]","interaction Text","CLAIM","Verse may override"
"tracker","path_badge_tracker [Device_Tracker_V2_C_UAID_E89C2592D1B5C80003_1805768038]","trackerTitle","Prompt Badge","byte_island_game_manager.badge_title"
"tracker","path_badge_tracker [Device_Tracker_V2_C_UAID_E89C2592D1B5C80003_1805768038]","descriptionText","Give Pix clear instructions: Find Seed, Dig Hole, Plant Seed, Water.","byte_island_game_manager.badge_description"
"tracker","loop_badge_tracker [Device_Tracker_V2_C_UAID_E89C2592D1B5CD0003_1331072987]","trackerTitle","Pattern Badge","fn_shoreline_island_loop_progress.badge_title"
"tracker","loop_badge_tracker [Device_Tracker_V2_C_UAID_E89C2592D1B5CD0003_1331072987]","descriptionText","Solve the three Pattern Scanner challenges.","fn_shoreline_island_loop_progress.badge_description"
"tracker","signal_badge_tracker [Device_Tracker_V2_C_UAID_E89C2592D1B5F50003_1585984295]","trackerTitle","Classifier Badge","fn_shoreline_island_signal_progress.badge_title"
"tracker","signal_badge_tracker [Device_Tracker_V2_C_UAID_E89C2592D1B5F50003_1585984295]","descriptionText","Classify all three AI challenges.","fn_shoreline_island_signal_progress.badge_description"
"tracker","energy_0_badge_tracker [Device_Tracker_V2_C_UAID_E89C2592D1B5FD0003_1838518869]","trackerTitle","Confidence Badge","fn_shoreline_island_energy_progress.badge_title"
"tracker","energy_0_badge_tracker [Device_Tracker_V2_C_UAID_E89C2592D1B5FD0003_1838518869]","descriptionText","Solve all three Confidence Core challenges.","fn_shoreline_island_energy_progress.badge_description"
"tracker","debug_station_1_badge_tracker [Device_Tracker_V2_C_UAID_E89C2592D1B5030103_1794482008]","trackerTitle","AI Detective Badge","fn_shoreline_island_debug_progress.badge_title"
"tracker","debug_station_1_badge_tracker [Device_Tracker_V2_C_UAID_E89C2592D1B5030103_1794482008]","descriptionText","Solve all three AI Error Lab challenges.","fn_shoreline_island_debug_progress.badge_description"
"tracker","event_station_1_badge_tracker [Device_Tracker_V2_C_UAID_E89C2592D1B5080103_1711609004]","trackerTitle","Tool Master Badge","fn_shoreline_island_event_progress.badge_title"
"tracker","event_station_1_badge_tracker [Device_Tracker_V2_C_UAID_E89C2592D1B5080103_1711609004]","descriptionText","Solve all three AI Tool Lab challenges.","fn_shoreline_island_event_progress.badge_description"
"tracker","Tracker [Device_Tracker_V2_C_UAID_E89C2592D1B5160103_1361400785]","trackerTitle","AI Skills Badge","fn_shoreline_island_nursery_progress.badge_title"
"tracker","Tracker [Device_Tracker_V2_C_UAID_E89C2592D1B5160103_1361400785]","descriptionText","Restore three planter challenges with GrowPlant.","fn_shoreline_island_nursery_progress.badge_description"
"tracker","fn_shoreline_bot_1_badge_tracker [Device_Tracker_V2_C_UAID_E89C2592D1B50D0103_1846505015]","trackerTitle","AI Agent Badge","fn_shoreline_island_bot_progress.badge_title"
"tracker","fn_shoreline_bot_1_badge_tracker [Device_Tracker_V2_C_UAID_E89C2592D1B50D0103_1846505015]","descriptionText","Complete the academy restoration mission.","fn_shoreline_island_bot_progress.badge_description"
"button","field_note_human_button [Device_Button_V2_C_UAID_E89C2592D1B5880403_1997375006]","interaction Text","AI Discovery: Make a human decision","field_note_controller.human_button"
"text_render","pix_ai_core_module_legend [Device_Billboard_V2_C_UAID_E89C2592D1B56F0403_1596393595].pix_core_module_legend_text","text","PIX AI CORE MODULES<br>Instructions  |  Patterns<br>Classification  |  Confidence<br>Error Checking  |  Tools<br>Skills  |  Agent Mode<br>Personal status: Journal","static Core legend; personal ONLINE/OFFLINE status remains in journal"
"text_render","pix_hub_helper_figure [Actor_UAID_E89C2592D1B5740403_1367639481].pix_name_label","text","PIX","static decorative character name; no gameplay binding"
"button","fn_shoreline_bot_1_connection_button [Device_Button_V2_C_UAID_E89C2592D1B50D0103_1853587028]","interaction Text","Choose Food / Medical / Mechanical crate","fn_shoreline_bot_1_station.connection_button"
"button","fn_shoreline_island_bot_2_connection_button [Device_Button_V2_C_UAID_E89C2592D1B5130103_1544980130]","interaction Text","Choose Food / Medical / Mechanical crate","fn_shoreline_island_bot_2_station.connection_button"
"button","fn_shoreline_island_bot_3_connection_button [Device_Button_V2_C_UAID_E89C2592D1B5130103_1566801169]","interaction Text","Choose Food / Medical / Mechanical crate","fn_shoreline_island_bot_3_station.connection_button"
"button","fn_shoreline_island_bot_4_connection_button [Device_Button_V2_C_UAID_E89C2592D1B5130103_1591368208]","interaction Text","Choose Food / Medical / Mechanical crate","fn_shoreline_island_bot_4_station.connection_button"
"text_render","fn_shoreline_bot_1_seed [BuildingProp_UAID_E89C2592D1B50D0103_1950832055].MedicalCrateText","text","MEDICAL","moving, Verse-bound delivery prop; collision disabled"
"text_render","fn_shoreline_island_bot_2_seed [BuildingProp_UAID_E89C2592D1B5130103_1671543235].MedicalCrateText","text","MEDICAL","moving, Verse-bound delivery prop; collision disabled"
"text_render","fn_shoreline_island_bot_3_seed [BuildingProp_UAID_E89C2592D1B5130103_1674504242].MedicalCrateText","text","MEDICAL","moving, Verse-bound delivery prop; collision disabled"
"text_render","fn_shoreline_island_bot_4_seed [BuildingProp_UAID_E89C2592D1B5130103_1678810249].MedicalCrateText","text","MEDICAL","moving, Verse-bound delivery prop; collision disabled"
"text_render","fn_shoreline_bot_1_food_crate [BuildingProp_UAID_E89C2592D1B57C0403_1488329898].FoodCrateText","text","FOOD","static decorative choice; collision disabled"
"text_render","fn_shoreline_bot_2_food_crate [BuildingProp_UAID_E89C2592D1B5810403_1116846764].FoodCrateText","text","FOOD","static decorative choice; collision disabled"
"text_render","fn_shoreline_bot_3_food_crate [BuildingProp_UAID_E89C2592D1B5810403_1558781766].FoodCrateText","text","FOOD","static decorative choice; collision disabled"
"text_render","fn_shoreline_bot_4_food_crate [BuildingProp_UAID_E89C2592D1B5810403_1586446768].FoodCrateText","text","FOOD","static decorative choice; collision disabled"
"text_render","fn_shoreline_bot_1_mechanical_crate [BuildingProp_UAID_E89C2592D1B5800403_1974831587].MechanicalCrateText","text","MECHANICAL","static decorative choice; collision disabled"
"text_render","fn_shoreline_bot_2_mechanical_crate [BuildingProp_UAID_E89C2592D1B5810403_1479107765].MechanicalCrateText","text","MECHANICAL","static decorative choice; collision disabled"
"text_render","fn_shoreline_bot_3_mechanical_crate [BuildingProp_UAID_E89C2592D1B5810403_1561778767].MechanicalCrateText","text","MECHANICAL","static decorative choice; collision disabled"
"text_render","fn_shoreline_bot_4_mechanical_crate [BuildingProp_UAID_E89C2592D1B5810403_1589448769].MechanicalCrateText","text","MECHANICAL","static decorative choice; collision disabled"
"text_render","fn_shoreline_bot_1_destination_scanner [BuildingProp_UAID_E89C2592D1B5860403_2069096650].ScannerText","text","SCANNER","static final-stage navigation marker; collision disabled"
"text_render","fn_shoreline_bot_2_destination_scanner [BuildingProp_UAID_E89C2592D1B5870403_1079509827].ScannerText","text","SCANNER","static final-stage navigation marker; collision disabled"
"text_render","fn_shoreline_bot_3_destination_scanner [BuildingProp_UAID_E89C2592D1B5870403_1083175828].ScannerText","text","SCANNER","static final-stage navigation marker; collision disabled"
"text_render","fn_shoreline_bot_4_destination_scanner [BuildingProp_UAID_E89C2592D1B5870403_1086842829].ScannerText","text","SCANNER","static final-stage navigation marker; collision disabled"
"button","fn_shoreline_bot_1_run_button [Device_Button_V2_C_UAID_E89C2592D1B50D0103_1856771034]","interaction Text","Run agent plan","fn_shoreline_bot_1_station.run_button"
"button","fn_shoreline_island_bot_2_run_button [Device_Button_V2_C_UAID_E89C2592D1B5130103_1548477136]","interaction Text","Run agent plan","fn_shoreline_island_bot_2_station.run_button"
"button","fn_shoreline_island_bot_3_run_button [Device_Button_V2_C_UAID_E89C2592D1B5130103_1570068175]","interaction Text","Run agent plan","fn_shoreline_island_bot_3_station.run_button"
"button","fn_shoreline_island_bot_4_run_button [Device_Button_V2_C_UAID_E89C2592D1B5130103_1594571214]","interaction Text","Run agent plan","fn_shoreline_island_bot_4_station.run_button"
"button","nursery_1_remix_button [Device_Button_V2_C_UAID_E89C2592D1B5240103_1504758423]","interaction Text","Optional remix / Return to normal challenges","fn_shoreline_island_nursery_station.remix_button"
"button","Button [Device_Button_V2_C_UAID_E89C2592D1B5160103_1362067786]","interaction Text","Claim AI Skills Lab","fn_shoreline_island_nursery_station.claim_button"
"button","Button2 [Device_Button_V2_C_UAID_E89C2592D1B5160103_1363333788]","interaction Text","Edit GrowPlant skill step 1","fn_shoreline_island_nursery_station.slot_0_button"
"button","Button3 [Device_Button_V2_C_UAID_E89C2592D1B5160103_1364496790]","interaction Text","Edit GrowPlant skill step 2","fn_shoreline_island_nursery_station.slot_1_button"
"button","Button4 [Device_Button_V2_C_UAID_E89C2592D1B5160103_1365668792]","interaction Text","Edit GrowPlant skill step 3","fn_shoreline_island_nursery_station.slot_2_button"
"button","Button5 [Device_Button_V2_C_UAID_E89C2592D1B5160103_1366748794]","interaction Text","Edit GrowPlant skill step 4","fn_shoreline_island_nursery_station.slot_3_button"
"button","Button10 [Device_Button_V2_C_UAID_E89C2592D1B5180103_1424754163]","interaction Text","Edit plan slot 1: GrowPlant / Move","fn_shoreline_island_nursery_station.caller_0_button"
"button","Button11 [Device_Button_V2_C_UAID_E89C2592D1B5180103_1426644165]","interaction Text","Edit plan slot 2: GrowPlant / Move","fn_shoreline_island_nursery_station.caller_1_button"
"button","Button12 [Device_Button_V2_C_UAID_E89C2592D1B5180103_1427828167]","interaction Text","Edit plan slot 3: GrowPlant / Move","fn_shoreline_island_nursery_station.caller_2_button"
"button","Button13 [Device_Button_V2_C_UAID_E89C2592D1B5180103_1429045169]","interaction Text","Change Repeat (1-4)","fn_shoreline_island_nursery_station.repeat_button"
"button","Button6 [Device_Button_V2_C_UAID_E89C2592D1B5160103_1367938796]","interaction Text","Run the skill plan","fn_shoreline_island_nursery_station.run_button"
"button","Button7 [Device_Button_V2_C_UAID_E89C2592D1B5160103_1368949798]","interaction Text","Help / Worked answer","fn_shoreline_island_nursery_station.help_button"
"button","Button14 [Device_Button_V2_C_UAID_E89C2592D1B5180103_1430193171]","interaction Text","Next challenge / Replay all","fn_shoreline_island_nursery_station.next_button"
"button","Button8 [Device_Button_V2_C_UAID_E89C2592D1B5160103_1369950800]","interaction Text","Replay this challenge","fn_shoreline_island_nursery_station.replay_button"
"button","Button9 [Device_Button_V2_C_UAID_E89C2592D1B5160103_1371014802]","interaction Text","Return to Academy Hub","fn_shoreline_island_nursery_station.return_button"
"button","nursery_2_remix_button [Device_Button_V2_C_UAID_E89C2592D1B5240103_1508057425]","interaction Text","Optional remix / Return to normal challenges","fn_shoreline_island_nursery_station2.remix_button"
"button","Button15 [Device_Button_V2_C_UAID_E89C2592D1B51D0103_1591836060]","interaction Text","Claim AI Skills Lab","fn_shoreline_island_nursery_station2.claim_button"
"button","Button16 [Device_Button_V2_C_UAID_E89C2592D1B51D0103_1593102062]","interaction Text","Edit GrowPlant skill step 1","fn_shoreline_island_nursery_station2.slot_0_button"
"button","Button17 [Device_Button_V2_C_UAID_E89C2592D1B51D0103_1594303064]","interaction Text","Edit GrowPlant skill step 2","fn_shoreline_island_nursery_station2.slot_1_button"
"button","Button18 [Device_Button_V2_C_UAID_E89C2592D1B51D0103_1595486066]","interaction Text","Edit GrowPlant skill step 3","fn_shoreline_island_nursery_station2.slot_2_button"
"button","Button19 [Device_Button_V2_C_UAID_E89C2592D1B51D0103_1596653068]","interaction Text","Edit GrowPlant skill step 4","fn_shoreline_island_nursery_station2.slot_3_button"
"button","Button24 [Device_Button_V2_C_UAID_E89C2592D1B51D0103_1604686082]","interaction Text","Edit plan slot 1: GrowPlant / Move","fn_shoreline_island_nursery_station2.caller_0_button"
"button","Button25 [Device_Button_V2_C_UAID_E89C2592D1B51D0103_1606011084]","interaction Text","Edit plan slot 2: GrowPlant / Move","fn_shoreline_island_nursery_station2.caller_1_button"
"button","Button26 [Device_Button_V2_C_UAID_E89C2592D1B51D0103_1607068086]","interaction Text","Edit plan slot 3: GrowPlant / Move","fn_shoreline_island_nursery_station2.caller_2_button"
"button","Button27 [Device_Button_V2_C_UAID_E89C2592D1B51D0103_1608169088]","interaction Text","Change Repeat (1-4)","fn_shoreline_island_nursery_station2.repeat_button"
"button","Button20 [Device_Button_V2_C_UAID_E89C2592D1B51D0103_1597754070]","interaction Text","Run the skill plan","fn_shoreline_island_nursery_station2.run_button"
"button","Button21 [Device_Button_V2_C_UAID_E89C2592D1B51D0103_1598888072]","interaction Text","Help / Worked answer","fn_shoreline_island_nursery_station2.help_button"
"button","Button28 [Device_Button_V2_C_UAID_E89C2592D1B51D0103_1609272090]","interaction Text","Next challenge / Replay all","fn_shoreline_island_nursery_station2.next_button"
"button","Button22 [Device_Button_V2_C_UAID_E89C2592D1B51D0103_1600036074]","interaction Text","Replay this challenge","fn_shoreline_island_nursery_station2.replay_button"
"button","Button23 [Device_Button_V2_C_UAID_E89C2592D1B51D0103_1601152076]","interaction Text","Return to Academy Hub","fn_shoreline_island_nursery_station2.return_button"
"button","nursery_3_remix_button [Device_Button_V2_C_UAID_E89C2592D1B5240103_1510306427]","interaction Text","Optional remix / Return to normal challenges","fn_shoreline_island_nursery_station3.remix_button"
"button","Button29 [Device_Button_V2_C_UAID_E89C2592D1B51D0103_1630232097]","interaction Text","Claim AI Skills Lab","fn_shoreline_island_nursery_station3.claim_button"
"button","Button30 [Device_Button_V2_C_UAID_E89C2592D1B51D0103_1631274099]","interaction Text","Edit GrowPlant skill step 1","fn_shoreline_island_nursery_station3.slot_0_button"
"button","Button31 [Device_Button_V2_C_UAID_E89C2592D1B51D0103_1632270101]","interaction Text","Edit GrowPlant skill step 2","fn_shoreline_island_nursery_station3.slot_1_button"
"button","Button32 [Device_Button_V2_C_UAID_E89C2592D1B51D0103_1633342103]","interaction Text","Edit GrowPlant skill step 3","fn_shoreline_island_nursery_station3.slot_2_button"
"button","Button33 [Device_Button_V2_C_UAID_E89C2592D1B51D0103_1634419105]","interaction Text","Edit GrowPlant skill step 4","fn_shoreline_island_nursery_station3.slot_3_button"
"button","Button38 [Device_Button_V2_C_UAID_E89C2592D1B51D0103_1642311119]","interaction Text","Edit plan slot 1: GrowPlant / Move","fn_shoreline_island_nursery_station3.caller_0_button"
"button","Button39 [Device_Button_V2_C_UAID_E89C2592D1B51D0103_1643405121]","interaction Text","Edit plan slot 2: GrowPlant / Move","fn_shoreline_island_nursery_station3.caller_1_button"
"button","Button40 [Device_Button_V2_C_UAID_E89C2592D1B51D0103_1644482123]","interaction Text","Edit plan slot 3: GrowPlant / Move","fn_shoreline_island_nursery_station3.caller_2_button"
"button","Button41 [Device_Button_V2_C_UAID_E89C2592D1B51D0103_1645517125]","interaction Text","Change Repeat (1-4)","fn_shoreline_island_nursery_station3.repeat_button"
"button","Button34 [Device_Button_V2_C_UAID_E89C2592D1B51D0103_1635512107]","interaction Text","Run the skill plan","fn_shoreline_island_nursery_station3.run_button"
"button","Button35 [Device_Button_V2_C_UAID_E89C2592D1B51D0103_1636571109]","interaction Text","Help / Worked answer","fn_shoreline_island_nursery_station3.help_button"
"button","Button42 [Device_Button_V2_C_UAID_E89C2592D1B51D0103_1646617127]","interaction Text","Next challenge / Replay all","fn_shoreline_island_nursery_station3.next_button"
"button","Button36 [Device_Button_V2_C_UAID_E89C2592D1B51D0103_1637628111]","interaction Text","Replay this challenge","fn_shoreline_island_nursery_station3.replay_button"
"button","Button37 [Device_Button_V2_C_UAID_E89C2592D1B51D0103_1638695113]","interaction Text","Return to Academy Hub","fn_shoreline_island_nursery_station3.return_button"
"button","nursery_4_remix_button [Device_Button_V2_C_UAID_E89C2592D1B5240103_1512516429]","interaction Text","Optional remix / Return to normal challenges","fn_shoreline_island_nursery_station4.remix_button"
"button","Button43 [Device_Button_V2_C_UAID_E89C2592D1B51D0103_1672338134]","interaction Text","Claim AI Skills Lab","fn_shoreline_island_nursery_station4.claim_button"
"button","Button44 [Device_Button_V2_C_UAID_E89C2592D1B51D0103_1673397136]","interaction Text","Edit GrowPlant skill step 1","fn_shoreline_island_nursery_station4.slot_0_button"
"button","Button45 [Device_Button_V2_C_UAID_E89C2592D1B51D0103_1674504138]","interaction Text","Edit GrowPlant skill step 2","fn_shoreline_island_nursery_station4.slot_1_button"
"button","Button46 [Device_Button_V2_C_UAID_E89C2592D1B51D0103_1675580140]","interaction Text","Edit GrowPlant skill step 3","fn_shoreline_island_nursery_station4.slot_2_button"
"button","Button47 [Device_Button_V2_C_UAID_E89C2592D1B51D0103_1676723142]","interaction Text","Edit GrowPlant skill step 4","fn_shoreline_island_nursery_station4.slot_3_button"
"button","Button52 [Device_Button_V2_C_UAID_E89C2592D1B51D0103_1684881156]","interaction Text","Edit plan slot 1: GrowPlant / Move","fn_shoreline_island_nursery_station4.caller_0_button"
"button","Button53 [Device_Button_V2_C_UAID_E89C2592D1B51D0103_1685954158]","interaction Text","Edit plan slot 2: GrowPlant / Move","fn_shoreline_island_nursery_station4.caller_1_button"
"button","Button54 [Device_Button_V2_C_UAID_E89C2592D1B51D0103_1687085160]","interaction Text","Edit plan slot 3: GrowPlant / Move","fn_shoreline_island_nursery_station4.caller_2_button"
"button","Button55 [Device_Button_V2_C_UAID_E89C2592D1B51D0103_1688221162]","interaction Text","Change Repeat (1-4)","fn_shoreline_island_nursery_station4.repeat_button"
"button","Button48 [Device_Button_V2_C_UAID_E89C2592D1B51D0103_1678366144]","interaction Text","Run the skill plan","fn_shoreline_island_nursery_station4.run_button"
"button","Button49 [Device_Button_V2_C_UAID_E89C2592D1B51D0103_1679426146]","interaction Text","Help / Worked answer","fn_shoreline_island_nursery_station4.help_button"
"button","Button56 [Device_Button_V2_C_UAID_E89C2592D1B51D0103_1689319164]","interaction Text","Next challenge / Replay all","fn_shoreline_island_nursery_station4.next_button"
"button","Button50 [Device_Button_V2_C_UAID_E89C2592D1B51D0103_1680461148]","interaction Text","Replay this challenge","fn_shoreline_island_nursery_station4.replay_button"
"button","Button51 [Device_Button_V2_C_UAID_E89C2592D1B51D0103_1681532150]","interaction Text","Return to Academy Hub","fn_shoreline_island_nursery_station4.return_button"
"verse","Content\byte_island_game_manager.verse:38","objective_text","""Pix: My AI Core glitched! Restore 7 modules to unlock Agent Mode. New here? Start at PROMPT LAB. Check your journal for what comes next.""","source declaration"
"verse","Content\byte_island_game_manager.verse:39","water_text","""Find Seed""","source declaration"
"verse","Content\byte_island_game_manager.verse:40","plant_text","""Dig Hole""","source declaration"
"verse","Content\byte_island_game_manager.verse:41","wait_text","""Plant Seed""","source declaration"
"verse","Content\byte_island_game_manager.verse:42","harvest_text","""Water""","source declaration"
"verse","Content\byte_island_game_manager.verse:43","return_text","""Return to Academy Hub""","source declaration"
"verse","Content\byte_island_game_manager.verse:44","badge_title","""Prompt Badge""","source declaration"
"verse","Content\byte_island_game_manager.verse:45","badge_description","""Give Pix clear instructions: Find Seed, Dig Hole, Plant Seed, Water.""","source declaration"
"verse","Content\byte_island_game_manager.verse:46","water_feedback","""1 of 4: Seed found. Next, dig the hole.""","source declaration"
"verse","Content\byte_island_game_manager.verse:47","plant_feedback","""2 of 4: Hole ready. Next, plant the seed.""","source declaration"
"verse","Content\byte_island_game_manager.verse:48","wait_feedback","""3 of 4: Seed planted. Next, water it.""","source declaration"
"verse","Content\byte_island_game_manager.verse:49","reset_feedback","""Step {number}: Pix tried {chosen}, but needed {needed}. Each action prepares the next. Start again with Find Seed.""","source declaration"
"verse","Content\byte_island_game_manager.verse:50","complete_feedback","""PIX MODULE RESTORED: INSTRUCTIONS ONLINE\nPrompt Badge earned! Clear instructions help AI understand a task.""","source declaration"
"verse","Content\byte_island_game_manager.verse:51","repeat_feedback","""Great instructions again! Your Prompt Badge is already earned. Return to the hub.""","source declaration"
"verse","Content\fn_shoreline_island_academy_journal.verse:43","close_text","""Close""","source declaration"
"verse","Content\fn_shoreline_island_academy_journal.verse:44","work_text","""Work""","source declaration"
"verse","Content\fn_shoreline_island_academy_journal.verse:45","overview_text","""Back""","source declaration"
"verse","Content\fn_shoreline_island_academy_journal.verse:46","open_text","""Open my AI Core journal""","source declaration"
"verse","Content\fn_shoreline_island_academy_journal.verse:47","earned_text","""ONLINE""","source declaration"
"verse","Content\fn_shoreline_island_academy_journal.verse:48","earned_badge_text","""ONLINE""","source declaration"
"verse","Content\fn_shoreline_island_academy_journal.verse:49","ready_text","""OFFLINE""","source declaration"
"verse","Content\fn_shoreline_island_academy_journal.verse:50","locked_text","""LOCKED""","source declaration"
"verse","Content\fn_shoreline_island_academy_journal.verse:51","agent_ready_text","""READY""","source declaration"
"verse","Content\fn_shoreline_island_academy_journal.verse:52","unavailable_text","""Not yet available""","source declaration"
"verse","Content\fn_shoreline_island_academy_journal.verse:53","garden_next","""Prompt Lab: help Pix understand clear instructions.""","source declaration"
"verse","Content\fn_shoreline_island_academy_journal.verse:54","loop_next","""Pattern Scanner: find patterns and predict the next step.""","source declaration"
"verse","Content\fn_shoreline_island_academy_journal.verse:55","signal_next","""AI Classifier: sort incoming items into categories.""","source declaration"
"verse","Content\fn_shoreline_island_academy_journal.verse:56","energy_next","""Confidence Core: use clues to improve Pix's confidence.""","source declaration"
"verse","Content\fn_shoreline_island_academy_journal.verse:57","debug_next","""AI Error Lab: check and correct an AI mistake.""","source declaration"
"verse","Content\fn_shoreline_island_academy_journal.verse:58","event_next","""AI Tool Lab: choose a useful tool response.""","source declaration"
"verse","Content\fn_shoreline_island_academy_journal.verse:59","nursery_next","""AI Skills Lab: reuse Pix's GrowPlant skill.""","source declaration"
"verse","Content\fn_shoreline_island_academy_journal.verse:60","bot_next","""AI Agent Mission: combine Pix's restored abilities.""","source declaration"
"verse","Content\fn_shoreline_island_academy_journal.verse:61","replay_next","""Try a replay or explore another open path.""","source declaration"
"verse","Content\fn_shoreline_island_academy_journal.verse:62","core_progress","""PIX AI CORE: {online_modules}/8 MODULES ONLINE""","source declaration"
"verse","Content\fn_shoreline_island_academy_journal.verse:63","core_restored_title","""PIX AI CORE FULLY RESTORED""","source declaration"
"verse","Content\fn_shoreline_island_academy_journal.verse:64","core_restored_body","""All eight modules are ONLINE.\nYou helped Pix follow instructions, spot patterns, classify, check confidence, fix mistakes, use tools, build skills, and complete an agent mission.""","source declaration"
"verse","Content\fn_shoreline_island_academy_journal.verse:65","journal_text","""{core_state}\n{guidance}\nPrompt Lab: {garden_status} | Pattern Scanner: {loop_status}\nAI Classifier: {signal_status} | Confidence Core: {energy_status}\nAI Error Lab: {debug_status} | AI Tool Lab: {event_status}\nAI Skills Lab: {nursery_status} | AI Agent Mission: {bot_status}\nNext: {destination}\nEvery open module is yours to explore.""","source declaration"
"verse","Content\fn_shoreline_island_academy_journal.verse:66","garden_name","""Prompt Lab""","source declaration"
"verse","Content\fn_shoreline_island_academy_journal.verse:67","loop_name","""Pattern Scanner""","source declaration"
"verse","Content\fn_shoreline_island_academy_journal.verse:68","signal_name","""AI Classifier""","source declaration"
"verse","Content\fn_shoreline_island_academy_journal.verse:69","energy_name","""Confidence Core""","source declaration"
"verse","Content\fn_shoreline_island_academy_journal.verse:70","debug_name","""AI Error Lab""","source declaration"
"verse","Content\fn_shoreline_island_academy_journal.verse:71","event_name","""AI Tool Lab""","source declaration"
"verse","Content\fn_shoreline_island_academy_journal.verse:72","bot_name","""AI Agent Mission""","source declaration"
"verse","Content\fn_shoreline_island_academy_journal.verse:73","nursery_name","""AI Skills Lab""","source declaration"
"verse","Content\fn_shoreline_island_academy_journal.verse:74","garden_work","""Clear instructions help AI understand what you want.""","source declaration"
"verse","Content\fn_shoreline_island_academy_journal.verse:75","loop_work","""AI can use patterns in examples to help make predictions.""","source declaration"
"verse","Content\fn_shoreline_island_academy_journal.verse:76","signal_work","""Classification means sorting things into categories.""","source declaration"
"verse","Content\fn_shoreline_island_academy_journal.verse:77","energy_work","""AI can be more or less confident about an answer.""","source declaration"
"verse","Content\fn_shoreline_island_academy_journal.verse:78","debug_work","""AI can make mistakes, so important answers should be checked.""","source declaration"
"verse","Content\fn_shoreline_island_academy_journal.verse:79","event_work","""AI systems can use tools to get information or perform actions.""","source declaration"
"verse","Content\fn_shoreline_island_academy_journal.verse:80","bot_work","""AI agents combine instructions, decisions, tools, and actions to complete a goal.""","source declaration"
"verse","Content\fn_shoreline_island_academy_journal.verse:81","nursery_work","""A reusable skill combines several steps into one useful ability.""","source declaration"
"verse","Content\fn_shoreline_island_academy_journal.verse:82","work_done","""{zone}: {contribution}""","source declaration"
"verse","Content\fn_shoreline_island_academy_journal.verse:83","work_pending","""{zone}: OFFLINE — restore this module.""","source declaration"
"verse","Content\fn_shoreline_island_academy_journal.verse:84","work_unavailable","""{zone}: Not yet available.""","source declaration"
"verse","Content\fn_shoreline_island_academy_journal.verse:85","work_page","""PIX AI CORE STATUS\nYour restored modules this round:\n{garden_row}\n{loop_row}\n{signal_row}\n{energy_row}\n{debug_row}\n{event_row}\n{nursery_row}\n{bot_row}""","source declaration"
"verse","Content\fn_shoreline_island_academy_journal.verse:86","core_work_left","""Restore Pix's offline AI modules.""","source declaration"
"verse","Content\fn_shoreline_island_academy_journal.verse:87","core_work_done","""All eight AI Core modules are ONLINE!""","source declaration"
"verse","Content\fn_shoreline_island_academy_journal.verse:88","data_transfer_title","""PIX AI CORE | {online_modules}/8 MODULES ONLINE""","source declaration"
"verse","Content\fn_shoreline_island_academy_journal.verse:89","data_transfer_text","""{source}  {path}  PIX AI CORE""","source declaration"
"verse","Content\fn_shoreline_island_bot_progress.verse:39","badge_title","""AI Agent Badge""","source declaration"
"verse","Content\fn_shoreline_island_bot_progress.verse:40","badge_description","""Complete the academy restoration mission.""","source declaration"
"verse","Content\fn_shoreline_island_bot_station.verse:124","claim_text","""Claim AI Agent Mission""","source declaration"
"verse","Content\fn_shoreline_island_bot_station.verse:125","slot_text","""Edit agent plan command {number}""","source declaration"
"verse","Content\fn_shoreline_island_bot_station.verse:126","repeat_text","""Change repeat count (1-4)""","source declaration"
"verse","Content\fn_shoreline_island_bot_station.verse:127","scanner_command_text","""Choose Move / Light to reach scanner""","source declaration"
"verse","Content\fn_shoreline_island_bot_station.verse:128","scanner_repeat_text","""Set Move repeats (1-4)""","source declaration"
"verse","Content\fn_shoreline_island_bot_station.verse:129","navigation_complete_text","""At scanner""","source declaration"
"verse","Content\fn_shoreline_island_bot_station.verse:130","navigation_pending_text","""Not at scanner""","source declaration"
"verse","Content\fn_shoreline_island_bot_station.verse:131","navigate_action_text","""Run Move repeats to scanner""","source declaration"
"verse","Content\fn_shoreline_island_bot_station.verse:132","energy_text","""Change starting energy (0-6)""","source declaration"
"verse","Content\fn_shoreline_island_bot_station.verse:133","transport_text","""Choose Bridge / Dock route""","source declaration"
"verse","Content\fn_shoreline_island_bot_station.verse:134","connection_text","""Connect Scanner to marker""","source declaration"
"verse","Content\fn_shoreline_island_bot_station.verse:135","crate_choice_text","""Choose Food / Medical / Mechanical crate""","source declaration"
"verse","Content\fn_shoreline_island_bot_station.verse:136","rule_text","""Choose classification rule""","source declaration"
"verse","Content\fn_shoreline_island_bot_station.verse:137","cargo_text","""Change test item""","source declaration"
"verse","Content\fn_shoreline_island_bot_station.verse:138","run_text","""Run agent plan""","source declaration"
"verse","Content\fn_shoreline_island_bot_station.verse:139","scan_action_text","""Scan destination marker""","source declaration"
"verse","Content\fn_shoreline_island_bot_station.verse:140","blocked_run_text","""Bridge blocked: choose Dock""","source declaration"
"verse","Content\fn_shoreline_island_bot_station.verse:141","test_route_text","""Optional: test selected item""","source declaration"
"verse","Content\fn_shoreline_island_bot_station.verse:142","run_after_delivery_text","""Delivery complete: press Verify""","source declaration"
"verse","Content\fn_shoreline_island_bot_station.verse:143","help_text","""Help / Worked answer""","source declaration"
"verse","Content\fn_shoreline_island_bot_station.verse:144","next_text","""Next stage / Replay mission""","source declaration"
"verse","Content\fn_shoreline_island_bot_station.verse:145","deliver_skill_text","""Run DeliverPackage skill""","source declaration"
"verse","Content\fn_shoreline_island_bot_station.verse:146","verify_text","""Verify delivery""","source declaration"
"verse","Content\fn_shoreline_island_bot_station.verse:147","replay_text","""Replay this stage""","source declaration"
"verse","Content\fn_shoreline_island_bot_station.verse:148","return_text","""Return to Academy Hub""","source declaration"
"verse","Content\fn_shoreline_island_bot_station.verse:149","occupied_text","""This robot is in use. Choose another station.""","source declaration"
"verse","Content\fn_shoreline_island_bot_station.verse:150","other_text","""Leave your current AI Agent Mission station before claiming another.""","source declaration"
"verse","Content\fn_shoreline_island_bot_station.verse:151","locked_text","""Agent Mode is LOCKED. Restore Pix's first seven AI Core modules, then return here.""","source declaration"
"verse","Content\fn_shoreline_island_bot_station.verse:152","unused_text","""This control belongs to another mission stage.""","source declaration"
"verse","Content\fn_shoreline_island_bot_station.verse:153","wait_text","""Finish this stage first. Help shows a worked answer.""","source declaration"
"verse","Content\fn_shoreline_island_bot_station.verse:154","available_text","""AI AGENT MISSION | Station {number}\nAn AI agent gets a goal, makes choices, uses tools, and acts to finish a task.\nEmergency supplies for Animal Research Station.\nUnlock: 7 modules online. Claim to begin.\n1 Medical practice | 2 Pattern dock | 3 Final delivery""","source declaration"
"verse","Content\fn_shoreline_island_bot_station.verse:155","seed_goal","""MEDICAL PRACTICE: Choose Medical for Animal Research Station.\nUse Pickup, Repeat Move, Drop.""","source declaration"
"verse","Content\fn_shoreline_island_bot_station.verse:156","dock_goal","""PATTERN PRACTICE: Light dock cells 1, 2, 3. Finish with energy 0.""","source declaration"
"verse","Content\fn_shoreline_island_bot_station.verse:157","route_goal","""FINAL MISSION: Medical crate to Animal Research Station.\nReach the scanner and choose an open route.\nRun DeliverPackage, then Verify.""","source declaration"
"verse","Content\fn_shoreline_island_bot_station.verse:158","mission_text","""PIX'S AI AGENT MISSION\nMedical practice: {seed_done} | Pattern: {dock_done} | Final: {route_done}\n{goal}""","source declaration"
"verse","Content\fn_shoreline_island_bot_station.verse:159","done_text","""done""","source declaration"
"verse","Content\fn_shoreline_island_bot_station.verse:160","pending_text","""to do""","source declaration"
"verse","Content\fn_shoreline_island_bot_station.verse:161","solved_text","""Stage complete! Next or Replay.""","source declaration"
"verse","Content\fn_shoreline_island_bot_station.verse:162","agent_mode_text","""We did it! Pix's Agent Mode is online.\nYou taught me to follow instructions, spot patterns, classify, check uncertainty, fix mistakes, use tools, and combine skills.\nAI can help with a task; people should check important decisions. See your AI Core Journal for every module.\nAI Agent Badge earned.""","source declaration"
"verse","Content\fn_shoreline_island_bot_station.verse:163","final_text","""PIX AI CORE FULLY RESTORED!\nInstructions, Patterns, Classification, Confidence, Error Checking, Tools, Skills, and Agent Mode are ONLINE.\nYou taught me to follow instructions, spot patterns, classify, check uncertainty, fix mistakes, use tools, and combine skills.\nAI can help with a task; people should check important decisions. AI Agent Badge earned.""","source declaration"
"verse","Content\fn_shoreline_island_bot_station.verse:164","retained_text","""Mission completed again! Your AI Agent Badge and earlier badges stay earned.""","source declaration"
"verse","Content\fn_shoreline_island_bot_station.verse:165","ready_text","""Ready. Run to see each command.""","source declaration"
"verse","Content\fn_shoreline_island_bot_station.verse:166","pickup_name","""Pickup""","source declaration"
"verse","Content\fn_shoreline_island_bot_station.verse:167","move_name","""Move""","source declaration"
"verse","Content\fn_shoreline_island_bot_station.verse:168","repeat_move_name","""Repeat Move""","source declaration"
"verse","Content\fn_shoreline_island_bot_station.verse:169","drop_name","""Drop""","source declaration"
"verse","Content\fn_shoreline_island_bot_station.verse:170","light_name","""Light""","source declaration"
"verse","Content\fn_shoreline_island_bot_station.verse:171","home_name","""Start at Home""","source declaration"
"verse","Content\fn_shoreline_island_bot_station.verse:172","empty_name","""empty""","source declaration"
"verse","Content\fn_shoreline_island_bot_station.verse:173","seed_name","""Medical crate""","source declaration"
"verse","Content\fn_shoreline_island_bot_station.verse:174","food_crate_name","""Food""","source declaration"
"verse","Content\fn_shoreline_island_bot_station.verse:175","medical_crate_name","""Medical""","source declaration"
"verse","Content\fn_shoreline_island_bot_station.verse:176","mechanical_crate_name","""Mechanical""","source declaration"
"verse","Content\fn_shoreline_island_bot_station.verse:177","leaf_name","""Apple""","source declaration"
"verse","Content\fn_shoreline_island_bot_station.verse:178","plain_name","""Car""","source declaration"
"verse","Content\fn_shoreline_island_bot_station.verse:179","garden_name","""Food""","source declaration"
"verse","Content\fn_shoreline_island_bot_station.verse:180","storage_name","""Vehicle""","source declaration"
"verse","Content\fn_shoreline_island_bot_station.verse:181","disconnected_name","""Disconnected""","source declaration"
"verse","Content\fn_shoreline_island_bot_station.verse:182","dispatch_name","""Destination marker""","source declaration"
"verse","Content\fn_shoreline_island_bot_station.verse:183","not_scanned_name","""Not scanned""","source declaration"
"verse","Content\fn_shoreline_island_bot_station.verse:184","scanned_name","""Bridge blocked; Dock open""","source declaration"
"verse","Content\fn_shoreline_island_bot_station.verse:185","bridge_name","""Bridge""","source declaration"
"verse","Content\fn_shoreline_island_bot_station.verse:186","dock_name","""Dock""","source declaration"
"verse","Content\fn_shoreline_island_bot_station.verse:187","all_garden_name","""All items > Food""","source declaration"
"verse","Content\fn_shoreline_island_bot_station.verse:188","all_storage_name","""All items > Vehicle""","source declaration"
"verse","Content\fn_shoreline_island_bot_station.verse:189","condition_name","""If Apple > Food; else > Vehicle""","source declaration"
"verse","Content\fn_shoreline_island_bot_station.verse:190","reversed_name","""If Apple > Vehicle; else > Food""","source declaration"
"verse","Content\fn_shoreline_island_bot_station.verse:191","seed_program_text","""AGENT PLAN: DELIVER SUPPLIES\nChosen crate: {crate}\n1 {a} | 2 {b} | 3 {c}\nRepeat Move: {count} | Pickup / Move / Drop""","source declaration"
"verse","Content\fn_shoreline_island_bot_station.verse:192","dock_program_text","""AGENT PLAN: PATTERN\nRepeat {count} [1 {a}, 2 {b}]\nStarting energy: {energy} | Light costs 1\nChoices: Move, Light""","source declaration"
"verse","Content\fn_shoreline_island_bot_station.verse:193","route_program_text","""AGENT PLAN: NAVIGATE + SCAN\n{command} x{count}: {navigation} | Scanner > {connection}\nScan: {scan} | Route: {transport} | {rule}\nOptional test {cargo} | Apple {leaf}, Car {plain}""","source declaration"
"verse","Content\fn_shoreline_island_bot_station.verse:194","execution_text","""NOW: {command} | Repeat step: {iteration}\nCell: {position} | Energy: {energy}\nHand: {inventory} | Dock lamps ON: {lights}/3""","source declaration"
"verse","Content\fn_shoreline_island_bot_station.verse:195","route_result_text","""OPTIONAL CLASSIFIER TEST\nItem: {cargo} > {destination_label}\n{outcome}""","source declaration"
"verse","Content\fn_shoreline_island_bot_station.verse:196","route_pass_text","""PASS. Optional: test the other item or run DeliverPackage.""","source declaration"
"verse","Content\fn_shoreline_island_bot_station.verse:197","route_practice_complete_text","""Both optional item tests passed. Run DeliverPackage or replay.""","source declaration"
"verse","Content\fn_shoreline_island_bot_station.verse:198","route_complete_text","""VERIFIED. Medical crate reached Animal Research Station. Replay or return to the hub.""","source declaration"
"verse","Content\fn_shoreline_island_bot_station.verse:199","deliver_skill_prompt","""Dock route is open. Run DeliverPackage: Pickup, Repeat Move, Drop.""","source declaration"
"verse","Content\fn_shoreline_island_bot_station.verse:200","delivery_skill_start_text","""SKILL: DeliverPackage\nPickup, Repeat Move, Drop.""","source declaration"
"verse","Content\fn_shoreline_island_bot_station.verse:201","delivery_skill_frame_text","""DELIVERPACKAGE SKILL\n{step}""","source declaration"
"verse","Content\fn_shoreline_island_bot_station.verse:202","delivery_skill_done_text","""Medical crate delivered to Animal Research Station. Verify the destination next.""","source declaration"
"verse","Content\fn_shoreline_island_bot_station.verse:203","verify_prompt","""CHECK: Is the Medical crate at Animal Research Station? Press Verify to confirm delivery.""","source declaration"
"verse","Content\fn_shoreline_island_bot_station.verse:204","cell_label","""CELL {cell}""","source declaration"
"verse","Content\fn_shoreline_island_bot_station.verse:205","home_label","""HOME\nCELL 0""","source declaration"
"verse","Content\fn_shoreline_island_bot_station.verse:206","planter_label","""CELL 3\nANIMAL RESEARCH\nSTATION""","source declaration"
"verse","Content\fn_shoreline_island_bot_station.verse:207","wrong_crate_text","""You chose {crate}. Animal Research Station needs the Medical crate. Choose Medical, then Run again.""","source declaration"
"verse","Content\fn_shoreline_island_bot_station.verse:208","route_fail_text","""Wrong category. Apple needs Food; Car needs Vehicle. Change the rule and test both again.""","source declaration"
"verse","Content\fn_shoreline_island_bot_station.verse:209","disconnected_text","""Scanner has no marker connection. Connect Scanner to the destination marker.""","source declaration"
"verse","Content\fn_shoreline_island_bot_station.verse:210","scanner_result_text","""SCANNER RESULT\nBridge: BLOCKED | Dock: OPEN\nChoose an open route for the Medical crate. Apple/Car tests are optional.""","source declaration"
"verse","Content\fn_shoreline_island_bot_station.verse:211","navigation_error_text","""Scanner is 2 Moves away. Choose Move and Repeat 2, then Run.""","source declaration"
"verse","Content\fn_shoreline_island_bot_station.verse:212","navigation_prompt_text","""Choose a command and repeat count to reach the scanner marker, then Run.""","source declaration"
"verse","Content\fn_shoreline_island_bot_station.verse:213","navigation_step_text","""NAVIGATE: Move {step}/2 toward scanner.""","source declaration"
"verse","Content\fn_shoreline_island_bot_station.verse:214","scanner_ready_text","""At scanner. Connect Scanner to the marker, then Run Scan.""","source declaration"
"verse","Content\fn_shoreline_island_bot_station.verse:215","scan_first_text","""Run the scanner before choosing a route. Connect Scanner to the marker, then Run.""","source declaration"
"verse","Content\fn_shoreline_island_bot_station.verse:216","blocked_route_text","""Bridge is BLOCKED. Choose the open Dock route, then Run again.""","source declaration"
"verse","Content\fn_shoreline_island_bot_station.verse:217","error_text","""STOPPED SAFELY: {reason}\nChange the agent plan and Run again.""","source declaration"
"verse","Content\fn_shoreline_island_bot_station.verse:218","pickup_position_error","""The Medical crate is at Home. Pickup must happen before moving.""","source declaration"
"verse","Content\fn_shoreline_island_bot_station.verse:219","pickup_twice_error","""The Medical crate was already picked up.""","source declaration"
"verse","Content\fn_shoreline_island_bot_station.verse:220","move_error","""The path ends at cell 3. Reduce the moves.""","source declaration"
"verse","Content\fn_shoreline_island_bot_station.verse:221","drop_empty_error","""The robot is not carrying the Medical crate. Pickup first.""","source declaration"
"verse","Content\fn_shoreline_island_bot_station.verse:222","drop_position_error","""Animal Research Station is at cell 3. Move there before Drop.""","source declaration"
"verse","Content\fn_shoreline_island_bot_station.verse:223","light_home_error","""There is no lamp at Home. Move to the first lamp.""","source declaration"
"verse","Content\fn_shoreline_island_bot_station.verse:224","light_twice_error","""This lamp is already ON. Move to the next lamp.""","source declaration"
"verse","Content\fn_shoreline_island_bot_station.verse:225","empty_energy_error","""Light needs one energy. Increase starting energy.""","source declaration"
"verse","Content\fn_shoreline_island_bot_station.verse:226","no_delivery_error","""The Medical crate has not been dropped at cell 3.""","source declaration"
"verse","Content\fn_shoreline_island_bot_station.verse:227","lamps_error","""Light all three lamps in order.""","source declaration"
"verse","Content\fn_shoreline_island_bot_station.verse:228","extra_energy_error","""The dock goal needs energy 0 at the end. Reduce starting energy.""","source declaration"
"verse","Content\fn_shoreline_island_bot_station.verse:229","final_position_error","""Finish at cell 3.""","source declaration"
"verse","Content\fn_shoreline_island_bot_station.verse:230","invalid_error","""Choose the commands and values shown for this stage.""","source declaration"
"verse","Content\fn_shoreline_island_bot_station.verse:231","seed_hint","""Medical supplies go to Animal Research Station. Pick up before moving; Drop at cell 3.""","source declaration"
"verse","Content\fn_shoreline_island_bot_station.verse:232","seed_worked","""Choose Medical. Set Pickup / Repeat Move / Drop, repeat count 3. Press Run.""","source declaration"
"verse","Content\fn_shoreline_island_bot_station.verse:233","dock_hint","""Move to a lamp, then Light it. Each Light spends one energy.""","source declaration"
"verse","Content\fn_shoreline_island_bot_station.verse:234","dock_worked","""Set Repeat 3 [Move, Light], starting energy 3. Press Run.""","source declaration"
"verse","Content\fn_shoreline_island_bot_station.verse:235","route_hint","""Look at the scanner marker. Count how many moves it is from Home.""","source declaration"
"verse","Content\fn_shoreline_island_bot_station.verse:236","route_worked","""Choose Move and Repeat 2, then Run to reach the scanner.""","source declaration"
"verse","Content\fn_shoreline_island_bot_station.verse:237","route_scan_hint","""Which tool can read a destination marker? Check its connection before running it.""","source declaration"
"verse","Content\fn_shoreline_island_bot_station.verse:238","route_scan_worked","""Connect Scanner to the marker, then Run to scan it.""","source declaration"
"verse","Content\fn_shoreline_island_bot_station.verse:239","route_decision_hint","""The scan shows a blocked route and an open one. Which can carry supplies?""","source declaration"
"verse","Content\fn_shoreline_island_bot_station.verse:240","route_decision_worked","""Bridge is blocked. Choose Dock, then run DeliverPackage.""","source declaration"
"verse","Content\fn_shoreline_island_debug_progress.verse:21","badge_title","""AI Detective Badge""","source declaration"
"verse","Content\fn_shoreline_island_debug_progress.verse:22","badge_description","""Solve all three AI Error Lab challenges.""","source declaration"
"verse","Content\fn_shoreline_island_debug_station.verse:55","claim_text","""Claim AI Error Lab""","source declaration"
"verse","Content\fn_shoreline_island_debug_station.verse:56","edit_text","""Correct the AI plan""","source declaration"
"verse","Content\fn_shoreline_island_debug_station.verse:57","run_text","""Run the corrected plan""","source declaration"
"verse","Content\fn_shoreline_island_debug_station.verse:58","help_text","""Help""","source declaration"
"verse","Content\fn_shoreline_island_debug_station.verse:59","next_text","""Next challenge / Replay all""","source declaration"
"verse","Content\fn_shoreline_island_debug_station.verse:60","replay_text","""Restore AI mistake""","source declaration"
"verse","Content\fn_shoreline_island_debug_station.verse:61","return_text","""Return to Academy Hub""","source declaration"
"verse","Content\fn_shoreline_island_debug_station.verse:62","available_text","""AI ERROR LAB | Station {number}\nCheck Pix's result for a mistake.\nPress CLAIM to begin.""","source declaration"
"verse","Content\fn_shoreline_island_debug_station.verse:63","occupied_text","""This AI Error Lab station is in use. Choose another station.""","source declaration"
"verse","Content\fn_shoreline_island_debug_station.verse:64","other_text","""Leave your current AI Error Lab station before claiming another.""","source declaration"
"verse","Content\fn_shoreline_island_debug_station.verse:65","welcome_text","""Run Pix's AI plan. Compare the actual result with the expected result, then correct the bracketed mistake.""","source declaration"
"verse","Content\fn_shoreline_island_debug_station.verse:66","ready_text","""Ready: Run from tile 0.""","source declaration"
"verse","Content\fn_shoreline_island_debug_station.verse:67","cargo_ready_text","""Ready: Classify APPLE, then CAR.""","source declaration"
"verse","Content\fn_shoreline_island_debug_station.verse:68","cargo_running_status","""RUNNING: {item} > {destination}""","source declaration"
"verse","Content\fn_shoreline_island_debug_station.verse:69","cargo_match_status","""MATCH! Next or Replay.""","source declaration"
"verse","Content\fn_shoreline_island_debug_station.verse:70","cargo_mismatch_status","""MISMATCH. Fix the rule; Run again.""","source declaration"
"verse","Content\fn_shoreline_island_debug_station.verse:71","finish_text","""Match the expected result first. Help is always available.""","source declaration"
"verse","Content\fn_shoreline_island_debug_station.verse:72","solved_text","""Results match! Next or Replay.""","source declaration"
"verse","Content\fn_shoreline_island_debug_station.verse:73","wrong_text","""Results differ. Compare EXPECTED with ACTUAL, edit the bracketed instruction, then run again.""","source declaration"
"verse","Content\fn_shoreline_island_debug_station.verse:74","complete_text","""PIX MODULE RESTORED: ERROR CHECKING ONLINE\nAI Detective Badge earned! Check the answer, find the problem, correct it, and try again.""","source declaration"
"verse","Content\fn_shoreline_island_debug_station.verse:75","retained_text","""Mistake corrected again! Your AI Detective Badge stays earned for this round.""","source declaration"
"verse","Content\fn_shoreline_island_debug_station.verse:76","complete_board_text","""AI Detective Badge earned! Replay is optional.""","source declaration"
"verse","Content\fn_shoreline_island_debug_station.verse:77","east_text","""East""","source declaration"
"verse","Content\fn_shoreline_island_debug_station.verse:78","west_text","""West""","source declaration"
"verse","Content\fn_shoreline_island_debug_station.verse:79","wait_text","""Wait""","source declaration"
"verse","Content\fn_shoreline_island_debug_station.verse:80","leaf_text","""APPLE""","source declaration"
"verse","Content\fn_shoreline_island_debug_station.verse:81","plain_text","""CAR""","source declaration"
"verse","Content\fn_shoreline_island_debug_station.verse:82","garden_text","""Food""","source declaration"
"verse","Content\fn_shoreline_island_debug_station.verse:83","storage_text","""Vehicle""","source declaration"
"verse","Content\fn_shoreline_island_debug_station.verse:84","pending_text","""not run""","source declaration"
"verse","Content\fn_shoreline_island_debug_station.verse:85","empty_text","""EXPECTED / ACTUAL\nClaim to begin""","source declaration"
"verse","Content\fn_shoreline_island_debug_station.verse:86","move_program_text","""TASK: Reach the scanner at tile 3.\nAI PLAN: East; [West]; East\nYOUR FIX: East; [{move}]; East\nCorrect only instruction 2.""","source declaration"
"verse","Content\fn_shoreline_island_debug_station.verse:87","repeat_program_text","""TASK: Reach Station 3.\nAI PLAN: Repeat [4]: East\nYOUR FIX: Repeat [{count}]: East\nCorrect only the repeat count.""","source declaration"
"verse","Content\fn_shoreline_island_debug_station.verse:88","rule_program_text","""AI PLAN: [APPLE > Vehicle; else > Food]\nYOUR FIX: [APPLE > {leaf}; else > {plain}]\nCorrect only the classification rule.""","source declaration"
"verse","Content\fn_shoreline_island_debug_station.verse:89","board_text","""AI Detective: {input_player} | Challenge {challenge}\n{program}""","source declaration"
"verse","Content\fn_shoreline_island_debug_station.verse:90","tile_result_text","""EXPECTED: scanner / Station 3\nACTUAL: tile {tile}\n{status}""","source declaration"
"verse","Content\fn_shoreline_island_debug_station.verse:91","cargo_result_text","""Items: APPLE | CAR\nEXPECTED: Food | Vehicle\nACTUAL: {leaf} | {plain}\n{status}""","source declaration"
"verse","Content\fn_shoreline_island_debug_station.verse:92","step_text","""AI PLAN RUNNING: {step} of {total}\nAction: {command}""","source declaration"
"verse","Content\fn_shoreline_island_debug_station.verse:93","delivery_text","""AI PLAN RUNNING: {item}\nClassification: {destination}""","source declaration"
"verse","Content\fn_shoreline_island_debug_station.verse:94","concept_move_text","""Compare the scanner at tile 3 with Pix's actual final tile. One action points the wrong way.""","source declaration"
"verse","Content\fn_shoreline_island_debug_station.verse:95","worked_move_text","""Change instruction 2 to East. East, East, East reaches the scanner at tile 3.""","source declaration"
"verse","Content\fn_shoreline_island_debug_station.verse:96","concept_repeat_text","""Pix reaches Station 4, but the task says Station 3. Compare the repeat count with the distance.""","source declaration"
"verse","Content\fn_shoreline_island_debug_station.verse:97","worked_repeat_text","""Set Repeat to 3, then Run. The marker stops at Station 3, not Station 4.""","source declaration"
"verse","Content\fn_shoreline_island_debug_station.verse:98","concept_rule_text","""APPLE belongs in Food and CAR belongs in Vehicle. Compare both results with Pix's classification rule.""","source declaration"
"verse","Content\fn_shoreline_island_debug_station.verse:99","worked_rule_text","""Use If APPLE: Food; otherwise: Vehicle. Run both items to check the repair.""","source declaration"
"verse","Content\fn_shoreline_island_energy_progress.verse:22","badge_title","""Confidence Badge""","source declaration"
"verse","Content\fn_shoreline_island_energy_progress.verse:23","badge_description","""Solve all three Confidence Core challenges.""","source declaration"
"verse","Content\fn_shoreline_island_energy_station.verse:61","claim_text","""Claim Confidence Core station""","source declaration"
"verse","Content\fn_shoreline_island_energy_station.verse:62","add_text","""New clue: confidence +10%""","source declaration"
"verse","Content\fn_shoreline_island_energy_station.verse:63","subtract_text","""Remove clue: confidence -10%""","source declaration"
"verse","Content\fn_shoreline_island_energy_station.verse:64","count_text","""Choose clue updates (1-5)""","source declaration"
"verse","Content\fn_shoreline_island_energy_station.verse:65","start_text","""Start / Run""","source declaration"
"verse","Content\fn_shoreline_island_energy_station.verse:66","help_text","""Help""","source declaration"
"verse","Content\fn_shoreline_island_energy_station.verse:67","next_text","""Next challenge / Replay all""","source declaration"
"verse","Content\fn_shoreline_island_energy_station.verse:68","replay_text","""Replay current challenge""","source declaration"
"verse","Content\fn_shoreline_island_energy_station.verse:69","return_text","""Return to Academy Hub""","source declaration"
"verse","Content\fn_shoreline_island_energy_station.verse:70","available_text","""CONFIDENCE CORE | Station {number}\nPress CLAIM to help Pix use new clues.""","source declaration"
"verse","Content\fn_shoreline_island_energy_station.verse:71","occupied_text","""This Confidence Core station is in use. Choose another station.""","source declaration"
"verse","Content\fn_shoreline_island_energy_station.verse:72","other_text","""Leave your current Confidence Core station before claiming another.""","source declaration"
"verse","Content\fn_shoreline_island_energy_station.verse:73","manual_text","""Give Pix useful clues. Change confidence with +10% or -10%, then press Start.""","source declaration"
"verse","Content\fn_shoreline_island_energy_station.verse:74","cat_intro_text","""Pix thinks CAT at 40% confidence. Find useful clues: pointed ears, whiskers, tail. Raise confidence to at least 70%, then Start.""","source declaration"
"verse","Content\fn_shoreline_island_energy_station.verse:75","repeat_text","""Choose how many new clues Pix gets. Each raises confidence by 20%. Can Pix reach 60% from 0%?""","source declaration"
"verse","Content\fn_shoreline_island_energy_station.verse:76","manual_controls_text","""Use +10% or -10% here. Repeats begin in challenge 3.""","source declaration"
"verse","Content\fn_shoreline_island_energy_station.verse:77","repeat_controls_text","""Choose how many times a new clue arrives, then Run.""","source declaration"
"verse","Content\fn_shoreline_island_energy_station.verse:78","boundary_text","""Confidence stays between 0% and 100%. Try the other adjustment.""","source declaration"
"verse","Content\fn_shoreline_island_energy_station.verse:79","finish_text","""Open this preview door first. Help is always available.""","source declaration"
"verse","Content\fn_shoreline_island_energy_station.verse:80","ready_text","""Edit confidence, then Start.""","source declaration"
"verse","Content\fn_shoreline_island_energy_station.verse:81","ready_repeat_text","""Choose clue updates, then Run.""","source declaration"
"verse","Content\fn_shoreline_island_energy_station.verse:82","solved_text","""Door open! Press Next or Replay.""","source declaration"
"verse","Content\fn_shoreline_island_energy_station.verse:83","complete_text","""PIX MODULE RESTORED: CONFIDENCE ONLINE\nConfidence Badge earned! Useful clues can improve a prediction, but important answers still need checking. Replay or return to the hub.""","source declaration"
"verse","Content\fn_shoreline_island_energy_station.verse:84","retained_text","""Confidence reached again! Your Confidence Badge stays earned for this round.""","source declaration"
"verse","Content\fn_shoreline_island_energy_station.verse:85","complete_board_text","""Confidence Badge earned! Replay is optional.""","source declaration"
"verse","Content\fn_shoreline_island_energy_station.verse:86","concept_text","""AI answers can have different confidence. High confidence does not automatically mean an answer is correct.""","source declaration"
"verse","Content\fn_shoreline_island_energy_station.verse:87","worked_manual_text","""Use +10% or -10% until confidence matches the target. Each useful clue changes confidence by 10%. Then press Start.""","source declaration"
"verse","Content\fn_shoreline_island_energy_station.verse:88","worked_cat_text","""Start at 40%. Pointed ears, whiskers, and a tail add three +10% clues. Reach 70%, then Start.""","source declaration"
"verse","Content\fn_shoreline_island_energy_station.verse:89","worked_repeat_text","""Try 3 clues: confidence goes 0%, 20%, 40%, 60%. Then the door opens.""","source declaration"
"verse","Content\fn_shoreline_island_energy_station.verse:90","energy_text","""AI CONFIDENCE: {current_percent}%\nTARGET: {target_percent}%""","source declaration"
"verse","Content\fn_shoreline_island_energy_station.verse:91","cat_energy_text","""PIX THINKS: CAT\nCONFIDENCE: {current_percent}% | GOAL: {target_percent}%+""","source declaration"
"verse","Content\fn_shoreline_island_energy_station.verse:92","ears_clue_text","""New clue: pointed ears. Confidence +10%.""","source declaration"
"verse","Content\fn_shoreline_island_energy_station.verse:93","whiskers_clue_text","""New clue: whiskers. Confidence +10%.""","source declaration"
"verse","Content\fn_shoreline_island_energy_station.verse:94","tail_clue_text","""New clue: tail. Confidence +10%.""","source declaration"
"verse","Content\fn_shoreline_island_energy_station.verse:95","empty_energy_text","""AI CONFIDENCE\nClaim to begin""","source declaration"
"verse","Content\fn_shoreline_island_energy_station.verse:96","closed_text","""PREVIEW DOOR: CLOSED""","source declaration"
"verse","Content\fn_shoreline_island_energy_station.verse:97","opening_text","""PREVIEW DOOR: OPENING""","source declaration"
"verse","Content\fn_shoreline_island_energy_station.verse:98","open_text","""PREVIEW DOOR: OPEN""","source declaration"
"verse","Content\fn_shoreline_island_energy_station.verse:99","board_text","""Researcher: {input_player} | Challenge {challenge}\nStarting confidence: {start_percent}% | Controls: +10% / -10%\n{status}""","source declaration"
"verse","Content\fn_shoreline_island_energy_station.verse:100","repeat_board_text","""Researcher: {input_player} | Challenge 3\nStarting confidence: 0% | Repeat {count}: New clue +20%\n{status}""","source declaration"
"verse","Content\fn_shoreline_island_energy_station.verse:101","addition_text","""New clue +20% | Step {step} of {count}""","source declaration"
"verse","Content\fn_shoreline_island_energy_station.verse:102","initial_text","""Run begins: confidence = 0%""","source declaration"
"verse","Content\fn_shoreline_island_energy_station.verse:103","wrong_manual_text","""Confidence reached {current_percent}%; target: {target_percent}%. Each adjustment changes 10%. Revise and try again.""","source declaration"
"verse","Content\fn_shoreline_island_energy_station.verse:104","wrong_repeat_text","""Confidence reached {current_percent}%; target: {target_percent}%. Each clue adds 20%. Change the repeat count and try again.""","source declaration"
"verse","Content\fn_shoreline_island_event_progress.verse:27","badge_title","""Tool Master Badge""","source declaration"
"verse","Content\fn_shoreline_island_event_progress.verse:28","badge_description","""Solve all three AI Tool Lab challenges.""","source declaration"
"verse","Content\fn_shoreline_island_event_station.verse:67","claim_text","""Claim AI Tool Lab""","source declaration"
"verse","Content\fn_shoreline_island_event_station.verse:68","link_bell_text","""Choose Scan Object tool""","source declaration"
"verse","Content\fn_shoreline_island_event_station.verse:69","link_lever_text","""Choose Announce Result tool""","source declaration"
"verse","Content\fn_shoreline_island_event_station.verse:70","bell_text","""Test Scan Object / Identify Scan""","source declaration"
"verse","Content\fn_shoreline_island_event_station.verse:71","lever_text","""Test Announce Result / Identify Announce""","source declaration"
"verse","Content\fn_shoreline_island_event_station.verse:72","demo_text","""Show the recent request again""","source declaration"
"verse","Content\fn_shoreline_island_event_station.verse:73","help_text","""Help""","source declaration"
"verse","Content\fn_shoreline_island_event_station.verse:74","next_text","""Next challenge / Replay all""","source declaration"
"verse","Content\fn_shoreline_island_event_station.verse:75","replay_text","""Replay this challenge""","source declaration"
"verse","Content\fn_shoreline_island_event_station.verse:76","return_text","""Return to Academy Hub""","source declaration"
"verse","Content\fn_shoreline_island_event_station.verse:77","available_text","""AI TOOL LAB | Station {number}\nChoose a tool for each request.\nPress CLAIM to begin.""","source declaration"
"verse","Content\fn_shoreline_island_event_station.verse:78","occupied_text","""This AI Tool Lab station is in use. Choose another station.""","source declaration"
"verse","Content\fn_shoreline_island_event_station.verse:79","other_text","""Leave your current AI Tool Lab station before claiming another.""","source declaration"
"verse","Content\fn_shoreline_island_event_station.verse:80","first_text","""Mystery crate: what's inside? Choose Scanner, Speaker, or Light. Connect Scan Object to Scanner, then test.""","source declaration"
"verse","Content\fn_shoreline_island_event_station.verse:81","identify_text","""Watch the tool demonstration. Which request made it run: Scan Object or Announce Result?""","source declaration"
"verse","Content\fn_shoreline_island_event_station.verse:82","final_text","""Connect Scan Object to Scanner and Announce Result to Speaker. Test both.""","source declaration"
"verse","Content\fn_shoreline_island_event_station.verse:83","solved_text","""Challenge complete! Next or Replay.""","source declaration"
"verse","Content\fn_shoreline_island_event_station.verse:84","finish_text","""Complete this challenge first. Help is always available.""","source declaration"
"verse","Content\fn_shoreline_island_event_station.verse:85","complete_text","""PIX MODULE RESTORED: TOOLS ONLINE\nTool Master Badge earned! Some AI systems can choose tools to help complete tasks. Replay or return to the hub.""","source declaration"
"verse","Content\fn_shoreline_island_event_station.verse:86","retained_text","""Tool action completed again! Your Tool Master Badge stays earned for this round.""","source declaration"
"verse","Content\fn_shoreline_island_event_station.verse:87","complete_board_text","""Tool Master Badge earned. Replay is optional.""","source declaration"
"verse","Content\fn_shoreline_island_event_station.verse:88","wrong_text","""That tool action does not match {input}. This input needs {expected}. Choose again and try again.""","source declaration"
"verse","Content\fn_shoreline_island_event_station.verse:89","wrong_answer_text","""Watch the same request again. Read its name on the recent-request board.""","source declaration"
"verse","Content\fn_shoreline_island_event_station.verse:90","later_text","""This control is used in a later challenge.""","source declaration"
"verse","Content\fn_shoreline_island_event_station.verse:91","fixed_text","""This demonstration has fixed tool choices. Identify the request.""","source declaration"
"verse","Content\fn_shoreline_island_event_station.verse:92","bell_name","""Scan Object""","source declaration"
"verse","Content\fn_shoreline_island_event_station.verse:93","lever_name","""Announce Result""","source declaration"
"verse","Content\fn_shoreline_island_event_station.verse:94","chute_name","""Scanner""","source declaration"
"verse","Content\fn_shoreline_island_event_station.verse:95","lamp_name","""Speaker""","source declaration"
"verse","Content\fn_shoreline_island_event_station.verse:96","light_name","""Light""","source declaration"
"verse","Content\fn_shoreline_island_event_station.verse:97","yes_text","""PASS""","source declaration"
"verse","Content\fn_shoreline_island_event_station.verse:98","no_text","""not tested""","source declaration"
"verse","Content\fn_shoreline_island_event_station.verse:99","recent_empty","""RECENT REQUEST: none\nTOOL: none""","source declaration"
"verse","Content\fn_shoreline_island_event_station.verse:100","recent_text","""RECENT REQUEST: {event_id}\nTOOL USED: {response}""","source declaration"
"verse","Content\fn_shoreline_island_event_station.verse:101","idle_text","""SCANNER: IDLE | CRATE: CLOSED\nSPEAKER: QUIET | LIGHT: OFF""","source declaration"
"verse","Content\fn_shoreline_island_event_station.verse:102","chute_status","""SCANNER: COMPLETE | CRATE: OPEN\nCONTENTS: MEDICAL SUPPLIES""","source declaration"
"verse","Content\fn_shoreline_island_event_station.verse:103","lamp_status","""SPEAKER: ANNOUNCEMENT SENT\nSCANNER: IDLE | CRATE: CLOSED""","source declaration"
"verse","Content\fn_shoreline_island_event_station.verse:104","light_status","""LIGHT: ON | CRATE: CLOSED\nThe light cannot scan the contents.""","source declaration"
"verse","Content\fn_shoreline_island_event_station.verse:105","board_text","""AI TOOL LAB | Challenge {number}\n{goal}\nScan Object > {bell}\nAnnounce Result > {lever}""","source declaration"
"verse","Content\fn_shoreline_island_event_station.verse:106","first_goal","""GOAL: Scan the mystery crate to reveal its contents.""","source declaration"
"verse","Content\fn_shoreline_island_event_station.verse:107","final_goal","""GOAL: Scan Object > Scanner; Announce Result > Speaker.""","source declaration"
"verse","Content\fn_shoreline_island_event_station.verse:108","demo_board_text","""TRACE THE REQUEST | Example {number} of 3\nRead RECENT REQUEST: Scan Object or Announce Result?\nShow request repeats the demonstration.""","source declaration"
"verse","Content\fn_shoreline_island_event_station.verse:109","tests_text","""{recent}\nScan > Scanner: {bell}\nAnnounce > Speaker: {lever}""","source declaration"
"verse","Content\fn_shoreline_island_event_station.verse:110","first_hint","""A tool choice decides which action follows an input. Try the current action.""","source declaration"
"verse","Content\fn_shoreline_island_event_station.verse:111","first_worked","""Set Scan Object to Scanner. Then test Scan Object.""","source declaration"
"verse","Content\fn_shoreline_island_event_station.verse:112","identify_hint","""The recent-request board names what caused the demonstrated tool action.""","source declaration"
"verse","Content\fn_shoreline_island_event_station.verse:113","identify_worked","""Read RECENT REQUEST. Select Scan Object or Announce Result to match it.""","source declaration"
"verse","Content\fn_shoreline_island_event_station.verse:114","final_hint","""Each request has its own tool. Testing Scan Object should leave Speaker quiet.""","source declaration"
"verse","Content\fn_shoreline_island_event_station.verse:115","final_worked","""Set Scan Object > Scanner and Announce Result > Speaker. Test each request.""","source declaration"
"verse","Content\fn_shoreline_island_field_observations.verse:51","growth_open","""AI Discovery: Check Pix's crate count""","source declaration"
"verse","Content\fn_shoreline_island_field_observations.verse:52","lantern_open","""AI Discovery: Observe a pattern""","source declaration"
"verse","Content\fn_shoreline_island_field_observations.verse:53","cargo_open","""AI Discovery: Observe categories""","source declaration"
"verse","Content\fn_shoreline_island_field_observations.verse:54","human_open","""AI Discovery: Make a human decision""","source declaration"
"verse","Content\fn_shoreline_island_field_observations.verse:55","growth_sign","""AI DISCOVERY TRAIL: CHECK PIX\nCount the data crates | Pix predicts 5\nOptional: use the button""","source declaration"
"verse","Content\fn_shoreline_island_field_observations.verse:56","lantern_sign","""AI DISCOVERY TRAIL: PATTERN\n1 > 2 > 1 > 2 > 1 > ?\nOptional: use the button""","source declaration"
"verse","Content\fn_shoreline_island_field_observations.verse:57","cargo_sign","""AI DISCOVERY TRAIL: CLASSIFY\nBanana > ?\nFood | Animal | Machine""","source declaration"
"verse","Content\fn_shoreline_island_field_observations.verse:58","human_sign","""AI DISCOVERY TRAIL: HUMAN DECISION\nPix says Route A | Route A closed\nChoose with new information""","source declaration"
"verse","Content\fn_shoreline_island_field_observations.verse:59","growth_question","""AI DISCOVERY TRAIL: CHECK PIX\nCount the data crates near this station. Pix predicts 5.\nIs Pix correct? Choose an answer, or Close to keep exploring.""","source declaration"
"verse","Content\fn_shoreline_island_field_observations.verse:60","lantern_question","""AI DISCOVERY TRAIL: PATTERN\nLanterns flash in order: 1 > 2 > 1 > 2 > 1 > ?\nWhich number comes next?\nChoose a prediction, or Close to keep exploring.""","source declaration"
"verse","Content\fn_shoreline_island_field_observations.verse:61","cargo_question","""AI DISCOVERY TRAIL: CLASSIFY\nA Banana arrives. Which category matches?\nFood, Animal, or Machine?\nChoose a category, or Close to keep exploring.""","source declaration"
"verse","Content\fn_shoreline_island_field_observations.verse:62","harvest_text","""No""","source declaration"
"verse","Content\fn_shoreline_island_field_observations.verse:63","plant_text","""Yes""","source declaration"
"verse","Content\fn_shoreline_island_field_observations.verse:64","one_text","""1""","source declaration"
"verse","Content\fn_shoreline_island_field_observations.verse:65","two_text","""2""","source declaration"
"verse","Content\fn_shoreline_island_field_observations.verse:66","garden_text","""Food""","source declaration"
"verse","Content\fn_shoreline_island_field_observations.verse:67","storage_text","""Animal""","source declaration"
"verse","Content\fn_shoreline_island_field_observations.verse:68","machine_text","""Machine""","source declaration"
"verse","Content\fn_shoreline_island_field_observations.verse:69","again_text","""Again""","source declaration"
"verse","Content\fn_shoreline_island_field_observations.verse:70","next_note_text","""Next field note""","source declaration"
"verse","Content\fn_shoreline_island_field_observations.verse:71","close_text","""Close""","source declaration"
"verse","Content\fn_shoreline_island_field_observations.verse:72","correct_text","""Good check — your answer matches the evidence.""","source declaration"
"verse","Content\fn_shoreline_island_field_observations.verse:73","retry_text","""Check the evidence and try again.""","source declaration"
"verse","Content\fn_shoreline_island_field_observations.verse:74","growth_explanation","""Pix predicted 5, but there are 4 crates.\nAI can make mistakes, so check important answers.\nPeople use evidence to make the final decision.""","source declaration"
"verse","Content\fn_shoreline_island_field_observations.verse:75","human_decision_question","""AI DISCOVERY TRAIL: HUMAN DECISION\nPix suggests Route A. New information says Route A is temporarily closed.\nWhich route should you take?""","source declaration"
"verse","Content\fn_shoreline_island_field_observations.verse:76","route_a_result","""Route A is closed. Use the newest information and try again.""","source declaration"
"verse","Content\fn_shoreline_island_field_observations.verse:77","route_b_result","""Route B is the safe choice. AI can offer a suggestion, but people should use new information to make a decision.""","source declaration"
"verse","Content\fn_shoreline_island_field_observations.verse:78","route_a_text","""Route A""","source declaration"
"verse","Content\fn_shoreline_island_field_observations.verse:79","route_b_text","""Route B""","source declaration"
"verse","Content\fn_shoreline_island_field_observations.verse:80","lantern_explanation","""Pattern prediction: 2 comes next.\nThe pair 1 > 2 repeats.\nAfter each 1, the next number is 2.\nPatterns can help predict what may come next.""","source declaration"
"verse","Content\fn_shoreline_island_field_observations.verse:81","cargo_explanation","""Banana is a fruit, so it belongs in Food.\nClassification means sorting items into categories.\nCheck important AI results: AI can make mistakes.""","source declaration"
"verse","Content\fn_shoreline_island_field_observations.verse:82","answer_page","""YOUR FIELD NOTE\nYou chose: {selected}\n{feedback}\n{explanation}\nTry Again or keep exploring. No badge is needed.""","source declaration"
"verse","Content\fn_shoreline_island_field_observations.verse:83","refreshed_sign","""{text} ""","source declaration"
"verse","Content\fn_shoreline_island_hub_signs.verse:32","academy_title_text","""AI ISLAND ACADEMY\nRESTORE PIX'S AI CORE\nAGENT MODE UNLOCKS AFTER 7 MODULES\nSTART: PROMPT LAB\nYOUR STATUS: AI CORE JOURNAL""","source declaration"
"verse","Content\fn_shoreline_island_hub_signs.verse:33","path_garden_sign_text","""PROMPT LAB\nFind Seed > Dig Hole > Plant Seed > Water""","source declaration"
"verse","Content\fn_shoreline_island_hub_signs.verse:34","path_water_label_text","""1  FIND SEED""","source declaration"
"verse","Content\fn_shoreline_island_hub_signs.verse:35","path_plant_label_text","""2  DIG HOLE""","source declaration"
"verse","Content\fn_shoreline_island_hub_signs.verse:36","path_wait_label_text","""3  PLANT SEED""","source declaration"
"verse","Content\fn_shoreline_island_hub_signs.verse:37","path_harvest_label_text","""4  WATER""","source declaration"
"verse","Content\fn_shoreline_island_hub_signs.verse:38","path_return_sign_text","""RETURN TO HUB\nUse the button""","source declaration"
"verse","Content\fn_shoreline_island_hub_signs.verse:39","hub_route_sign_text","""PROMPT LAB\nAhead: teach Pix clear instructions""","source declaration"
"verse","Content\fn_shoreline_island_hub_signs.verse:40","hub_loop_route_text","""PATTERN SCANNER >""","source declaration"
"verse","Content\fn_shoreline_island_hub_signs.verse:41","garden_repair_route_text","""FIX THE PROMPT\nOptional: improve an instruction\nFollow the teal path""","source declaration"
"verse","Content\fn_shoreline_island_hub_signs.verse:42","academy_journal_sign_text","""MY AI CORE JOURNAL\nSee your personal module status\nUse the button below""","source declaration"
"verse","Content\fn_shoreline_island_hub_signs.verse:43","signal_hub_route_text","""AI CLASSIFIER >\nSort incoming items into categories.""","source declaration"
"verse","Content\fn_shoreline_island_hub_signs.verse:44","energy_0_route_text","""CONFIDENCE CORE\nHelp Pix use new clues.\nFollow the wide path southwest.""","source declaration"
"verse","Content\fn_shoreline_island_hub_signs.verse:45","refreshed_text","""{text} ""","source declaration"
"verse","Content\fn_shoreline_island_loop_progress.verse:18","badge_title","""Pattern Badge""","source declaration"
"verse","Content\fn_shoreline_island_loop_progress.verse:19","badge_description","""Solve the three Pattern Scanner challenges.""","source declaration"
"verse","Content\fn_shoreline_island_loop_station.verse:66","claim_text","""Claim Pattern Scanner station""","source declaration"
"verse","Content\fn_shoreline_island_loop_station.verse:67","count_text","""Change repeat count (1-5)""","source declaration"
"verse","Content\fn_shoreline_island_loop_station.verse:68","run_text","""Run the pattern""","source declaration"
"verse","Content\fn_shoreline_island_loop_station.verse:69","help_text","""Help""","source declaration"
"verse","Content\fn_shoreline_island_loop_station.verse:70","next_text","""Next challenge / Replay""","source declaration"
"verse","Content\fn_shoreline_island_loop_station.verse:71","return_text","""Return to Academy Hub""","source declaration"
"verse","Content\fn_shoreline_island_loop_station.verse:72","available_text","""PATTERN SCANNER | Station {dock_number}\nPress CLAIM to begin.""","source declaration"
"verse","Content\fn_shoreline_island_loop_station.verse:73","occupied_text","""This robot has a pilot. Choose another station.""","source declaration"
"verse","Content\fn_shoreline_island_loop_station.verse:74","other_station_text","""You already have a robot. Leave that station before claiming another.""","source declaration"
"verse","Content\fn_shoreline_island_loop_station.verse:75","claim_first_text","""Claim an available Pattern Scanner station first.""","source declaration"
"verse","Content\fn_shoreline_island_loop_station.verse:76","finish_first_text","""Reach this target first. Help is always available.""","source declaration"
"verse","Content\fn_shoreline_island_loop_station.verse:77","delivery_text","""Predict how many Move steps reach the parcel. Choose that repeat count, then Run.""","source declaration"
"verse","Content\fn_shoreline_island_loop_station.verse:78","color_question_text","""Predict the next color: Blue, Yellow, Blue, Yellow, Blue, ?""","source declaration"
"verse","Content\fn_shoreline_island_loop_station.verse:79","color_board_text","""PATTERN SCANNER | Challenge 1\nBlue > Yellow > Blue > Yellow > Blue > ?\nYour prediction: {selected}\nChange color, then Check prediction.""","source declaration"
"verse","Content\fn_shoreline_island_loop_station.verse:80","blue_name","""Blue""","source declaration"
"verse","Content\fn_shoreline_island_loop_station.verse:81","yellow_name","""Yellow""","source declaration"
"verse","Content\fn_shoreline_island_loop_station.verse:82","green_name","""Green""","source declaration"
"verse","Content\fn_shoreline_island_loop_station.verse:83","change_color_text","""Change color: Blue / Yellow / Green""","source declaration"
"verse","Content\fn_shoreline_island_loop_station.verse:84","check_color_text","""Check color prediction""","source declaration"
"verse","Content\fn_shoreline_island_loop_station.verse:85","color_wrong_text","""{selected} does not continue the pair. Blue is followed by Yellow each time. Change your prediction and try again.""","source declaration"
"verse","Content\fn_shoreline_island_loop_station.verse:86","color_found_text","""You found the pattern! Blue and Yellow repeat, so Yellow comes next. Now choose how many Move steps reach the parcel.""","source declaration"
"verse","Content\fn_shoreline_island_loop_station.verse:87","color_hint_text","""Look at each Blue in the example. Which color comes after it?""","source declaration"
"verse","Content\fn_shoreline_island_loop_station.verse:88","color_answer_text","""Blue, Yellow is the repeating pair. Choose Yellow, then Check prediction.""","source declaration"
"verse","Content\fn_shoreline_island_loop_station.verse:89","lantern_text","""Repeat Move, Light to light every marker. Then Run.""","source declaration"
"verse","Content\fn_shoreline_island_loop_station.verse:90","transfer_text","""The target moved! The pattern stayed the same; change its repeat count.""","source declaration"
"verse","Content\fn_shoreline_island_loop_station.verse:91","hint_text","""This plan repeats one Move each time. Count the tiles from 0 to the goal.""","source declaration"
"verse","Content\fn_shoreline_island_loop_station.verse:92","hint_lantern_text","""Each repeat moves one tile and lights one marker. Count the markers.""","source declaration"
"verse","Content\fn_shoreline_island_loop_station.verse:93","success_text","""You reached the goal! Press Next challenge to continue.""","source declaration"
"verse","Content\fn_shoreline_island_loop_station.verse:94","complete_text","""PIX MODULE RESTORED: PATTERNS ONLINE\nPattern Badge earned! You predicted the repeated moves. AI can use patterns in examples to make predictions, too. Return to the hub or Replay.""","source declaration"
"verse","Content\fn_shoreline_island_loop_station.verse:95","replay_text","""Pattern solved again! Your Pattern Badge is already saved for this round.""","source declaration"
"verse","Content\fn_shoreline_island_loop_station.verse:96","pilot_board","""Pilot: {input_player}\nChallenge {challenge_number} | Repeat {repeat_count} [Move]\nStart: 0 | Goal: {target_tile}""","source declaration"
"verse","Content\fn_shoreline_island_loop_station.verse:97","step_board","""Pilot: {input_player} | Repeat {repeat_count}\n{action}\nRobot tile: {tile}""","source declaration"
"verse","Content\fn_shoreline_island_loop_station.verse:98","lantern_board","""Pilot: {input_player} | Repeat {repeat_count}\n{action} | Tile {tile}\nLamps: 1 {lamp_one} / 2 {lamp_two} / 3 {lamp_three}""","source declaration"
"verse","Content\fn_shoreline_island_loop_station.verse:99","result_text","""Robot stopped at {tile}; the goal is {target_tile}. Each repeat moves one tile. Change the count and try again.""","source declaration"
"verse","Content\fn_shoreline_island_loop_station.verse:100","answer_text","""Try Repeat {repeat_count}, then Run. Watch one move for each repeat.""","source declaration"
"verse","Content\fn_shoreline_island_loop_station.verse:101","selected_run_text","""Run: Repeat {repeat_count}""","source declaration"
"verse","Content\fn_shoreline_island_nursery_progress.verse:18","badge_title","""AI Skills Badge""","source declaration"
"verse","Content\fn_shoreline_island_nursery_progress.verse:19","badge_description","""Restore three planter challenges with GrowPlant.""","source declaration"
"verse","Content\fn_shoreline_island_nursery_station.verse:128","claim_text","""Claim AI Skills Lab""","source declaration"
"verse","Content\fn_shoreline_island_nursery_station.verse:129","slot_text","""Edit GrowPlant skill step {number}""","source declaration"
"verse","Content\fn_shoreline_island_nursery_station.verse:130","run_text","""Run the skill plan""","source declaration"
"verse","Content\fn_shoreline_island_nursery_station.verse:131","caller_text","""Edit plan slot {number}: GrowPlant / Move""","source declaration"
"verse","Content\fn_shoreline_island_nursery_station.verse:132","repeat_text","""Change Repeat (1-4)""","source declaration"
"verse","Content\fn_shoreline_island_nursery_station.verse:133","next_text","""Next challenge / Replay all""","source declaration"
"verse","Content\fn_shoreline_island_nursery_station.verse:134","unused_text","""This control is used in another challenge.""","source declaration"
"verse","Content\fn_shoreline_island_nursery_station.verse:135","finish_text","""Restore this challenge first. Help shows a worked answer.""","source declaration"
"verse","Content\fn_shoreline_island_nursery_station.verse:136","help_text","""Help / Worked answer""","source declaration"
"verse","Content\fn_shoreline_island_nursery_station.verse:137","replay_text","""Replay this challenge""","source declaration"
"verse","Content\fn_shoreline_island_nursery_station.verse:138","return_text","""Return to Academy Hub""","source declaration"
"verse","Content\fn_shoreline_island_nursery_station.verse:139","available_text","""AI SKILLS LAB | Station {number}\nHelp Pix reuse a useful skill. Claim to begin.""","source declaration"
"verse","Content\fn_shoreline_island_nursery_station.verse:140","objective_text","""DEFINE GROWPLANT | Challenge 1\nGive GrowPlant the steps Water, Plant, Wait, Harvest.\nYour plan uses GrowPlant once to restore this planter.""","source declaration"
"verse","Content\fn_shoreline_island_nursery_station.verse:141","row_objective","""REUSE GROWPLANT | Restore two planters. Use GrowPlant at each bed; Move between them.""","source declaration"
"verse","Content\fn_shoreline_island_nursery_station.verse:142","repeat_objective","""REUSE GROWPLANT | Restore three planters and reach the Exit. Repeat [GrowPlant, Move].""","source declaration"
"verse","Content\fn_shoreline_island_nursery_station.verse:143","mission_text","""AI SKILLS LAB | Challenge {number}\n{goal}\nDone: 1 {a} | 2 {b} | 3 {c} | Badge {badge}/1""","source declaration"
"verse","Content\fn_shoreline_island_nursery_station.verse:144","done_name","""yes""","source declaration"
"verse","Content\fn_shoreline_island_nursery_station.verse:145","todo_name","""no""","source declaration"
"verse","Content\fn_shoreline_island_nursery_station.verse:146","program_text","""SKILL: GrowPlant\n1 {a} | 2 {b} | 3 {c} | 4 {d}\n{calls}\nChoose steps: Water, Plant, Wait, Harvest.""","source declaration"
"verse","Content\fn_shoreline_island_nursery_station.verse:147","one_caller","""PLAN: Use GrowPlant""","source declaration"
"verse","Content\fn_shoreline_island_nursery_station.verse:148","row_caller","""PLAN: 1 {a} | 2 {b} | 3 {c}""","source declaration"
"verse","Content\fn_shoreline_island_nursery_station.verse:149","repeat_caller","""PLAN: Repeat {count} [GrowPlant, Move]""","source declaration"
"verse","Content\fn_shoreline_island_nursery_station.verse:150","care_name","""GrowPlant""","source declaration"
"verse","Content\fn_shoreline_island_nursery_station.verse:151","move_name","""Move""","source declaration"
"verse","Content\fn_shoreline_island_nursery_station.verse:152","exit_text","""EXIT\nTILE 3""","source declaration"
"verse","Content\fn_shoreline_island_nursery_station.verse:153","water_name","""Water""","source declaration"
"verse","Content\fn_shoreline_island_nursery_station.verse:154","plant_name","""Plant""","source declaration"
"verse","Content\fn_shoreline_island_nursery_station.verse:155","wait_name","""Wait""","source declaration"
"verse","Content\fn_shoreline_island_nursery_station.verse:156","harvest_name","""Harvest""","source declaration"
"verse","Content\fn_shoreline_island_nursery_station.verse:157","empty_name","""Empty""","source declaration"
"verse","Content\fn_shoreline_island_nursery_station.verse:158","watered_name","""Watered""","source declaration"
"verse","Content\fn_shoreline_island_nursery_station.verse:159","planted_name","""Planted""","source declaration"
"verse","Content\fn_shoreline_island_nursery_station.verse:160","ready_name","""Ready to harvest""","source declaration"
"verse","Content\fn_shoreline_island_nursery_station.verse:161","harvested_name","""Harvested""","source declaration"
"verse","Content\fn_shoreline_island_nursery_station.verse:162","bed_text","""PLANTER {number}\n{state}""","source declaration"
"verse","Content\fn_shoreline_island_nursery_station.verse:163","ready_text","""Ready. Run the plan to use GrowPlant and show each step.""","source declaration"
"verse","Content\fn_shoreline_island_nursery_station.verse:164","step_text","""PLAN SLOT {call_slot} | Repeat {iteration} | Planter {bed}\nCare skill > STEP {slot}: {command}\nPlanter: {state}""","source declaration"
"verse","Content\fn_shoreline_island_nursery_station.verse:165","move_step_text","""PLAN SLOT {call_slot} | Repeat {iteration}\nMove > TILE {tile}""","source declaration"
"verse","Content\fn_shoreline_island_nursery_station.verse:166","error_text","""STOPPED | Plan slot {call_slot} | Repeat {iteration} | Bed {bed}\nCare step {slot}: {command}. Bed is {state}; needs {needed}.\nChange the skill plan and Run again.""","source declaration"
"verse","Content\fn_shoreline_island_nursery_station.verse:167","harvested_error","""STOPPED | Plan slot {call_slot} | Repeat {iteration} | Bed {bed}\nThis bed is already harvested. Move before using GrowPlant again.""","source declaration"
"verse","Content\fn_shoreline_island_nursery_station.verse:168","row_end_error","""STOPPED | Plan slot {slot} | Repeat {iteration}\nMove would leave the row. Change the plan and try again.""","source declaration"
"verse","Content\fn_shoreline_island_nursery_station.verse:169","exit_care_error","""STOPPED | Repeat {iteration}: GrowPlant\nThe robot is at the Exit; there is no planter here. Reduce Repeat.""","source declaration"
"verse","Content\fn_shoreline_island_nursery_station.verse:170","unfinished_error","""Some planters are unfinished. Use GrowPlant at every bed. Change the plan or repeat count.""","source declaration"
"verse","Content\fn_shoreline_island_nursery_station.verse:171","exit_error","""All beds are harvested. Finish by moving to the Exit.""","source declaration"
"verse","Content\fn_shoreline_island_nursery_station.verse:172","malformed_text","""GrowPlant needs four valid steps. Replay restores its starting definition.""","source declaration"
"verse","Content\fn_shoreline_island_nursery_station.verse:173","success_text","""Skill used successfully! Next challenge is unlocked. A named skill can be reused when it is needed.""","source declaration"
"verse","Content\fn_shoreline_island_nursery_station.verse:174","final_text","""PIX MODULE RESTORED: SKILLS ONLINE\nAI Skills Badge earned! A named skill is a reusable group of steps. Replay or return to the hub.""","source declaration"
"verse","Content\fn_shoreline_island_nursery_station.verse:175","retained_text","""Skill reused again! Your AI Skills Badge stays earned: 1/1.""","source declaration"
"verse","Content\fn_shoreline_island_nursery_station.verse:176","concept_text","""A skill is a reusable group of steps with a helpful name. Pix can reuse GrowPlant when it is needed.""","source declaration"
"verse","Content\fn_shoreline_island_nursery_station.verse:177","answer_text","""Name the skill GrowPlant. Set its steps to Water, Plant, Wait, Harvest. Run uses them in that order.""","source declaration"
"verse","Content\fn_shoreline_island_nursery_station.verse:178","row_concept","""Reuse the same GrowPlant definition at each bed. Move changes which planter GrowPlant works on.""","source declaration"
"verse","Content\fn_shoreline_island_nursery_station.verse:179","row_answer","""Define GrowPlant: Water, Plant, Wait, Harvest. Set the plan: GrowPlant, Move, GrowPlant. Then Run.""","source declaration"
"verse","Content\fn_shoreline_island_nursery_station.verse:180","repeat_concept","""Each repeat cares for one bed, then moves. Count the beds before the Exit.""","source declaration"
"verse","Content\fn_shoreline_island_nursery_station.verse:181","repeat_answer","""Define GrowPlant: Water, Plant, Wait, Harvest. Set Repeat 3 [GrowPlant, Move]. Then Run.""","source declaration"
"verse","Content\fn_shoreline_island_nursery_station.verse:182","occupied_text","""This AI Skills Lab station is in use. Choose another station.""","source declaration"
"verse","Content\fn_shoreline_island_nursery_station.verse:183","other_text","""Leave your current AI Skills Lab station before claiming another.""","source declaration"
"verse","Content\fn_shoreline_island_nursery_station.verse:184","remix_text","""Optional remix / Return to normal challenges""","source declaration"
"verse","Content\fn_shoreline_island_nursery_station.verse:185","remix_label_text","""REMIX / NORMAL""","source declaration"
"verse","Content\fn_shoreline_island_nursery_station.verse:186","remix_locked","""Finish all three AI Skills Lab challenges first. The remix is optional.""","source declaration"
"verse","Content\fn_shoreline_island_nursery_station.verse:187","remix_mission","""OPTIONAL AI SKILLS REMIX\nUse one GrowPlant definition to restore two beds.\nGoal: 3 plan commands.\nBadge: {badge}/1. Remix / Normal exits.""","source declaration"
"verse","Content\fn_shoreline_island_nursery_station.verse:188","remix_ready","""Optional remix. Repair GrowPlant and the three-slot plan.\nReplay resets this remix. Remix / Normal or Hub leaves.""","source declaration"
"verse","Content\fn_shoreline_island_nursery_station.verse:189","remix_success","""Remix restored. 3 plan instructions replace 9 expanded steps.\nNormal AI Skills Lab progress and badge stay unchanged.""","source declaration"
"verse","Content\fn_shoreline_island_nursery_station.verse:190","remix_next","""Use Remix / Normal to return to normal challenges, or Replay this remix.""","source declaration"
"verse","Content\fn_shoreline_island_nursery_station.verse:203","refreshed_text","""{text} ""","source declaration"
"verse","Content\fn_shoreline_island_repair_station.verse:58","claim_text","""Claim Fix the Prompt station""","source declaration"
"verse","Content\fn_shoreline_island_repair_station.verse:59","run_text","""Run improved instructions""","source declaration"
"verse","Content\fn_shoreline_island_repair_station.verse:60","help_text","""Help""","source declaration"
"verse","Content\fn_shoreline_island_repair_station.verse:61","replay_text","""Replay unclear instructions""","source declaration"
"verse","Content\fn_shoreline_island_repair_station.verse:62","hub_text","""Return to Academy Hub""","source declaration"
"verse","Content\fn_shoreline_island_repair_station.verse:63","available_text","""FIX THE PROMPT | Station {number}\nOptional practice: improve Pix's instructions.\nPress CLAIM to begin.""","source declaration"
"verse","Content\fn_shoreline_island_repair_station.verse:64","occupied_text","""This station has a prompt editor. Choose another station.""","source declaration"
"verse","Content\fn_shoreline_island_repair_station.verse:65","other_text","""Leave your current Fix the Prompt station before claiming another.""","source declaration"
"verse","Content\fn_shoreline_island_repair_station.verse:66","objective_text","""Bring the blue data cube to the scanner. Swap two slots, then Run. Your Prompt Badge stays unchanged.""","source declaration"
"verse","Content\fn_shoreline_island_repair_station.verse:67","concept_text","""Think about what Pix must do before scanning the cube. Which two steps are out of order?""","source declaration"
"verse","Content\fn_shoreline_island_repair_station.verse:68","answer_text","""Pix must walk to the scanner before Scan Cube. Swap slots 3 and 4, then Run.""","source declaration"
"verse","Content\fn_shoreline_island_repair_station.verse:69","ready_text","""Select two slots to swap, then Run.""","source declaration"
"verse","Content\fn_shoreline_island_repair_station.verse:70","selected_text","""Slot {number} selected. Choose another slot to swap.""","source declaration"
"verse","Content\fn_shoreline_island_repair_station.verse:71","slot_text","""Slot {number}: {command}""","source declaration"
"verse","Content\fn_shoreline_island_repair_station.verse:72","board_text","""Prompt editor: {gardener}\n1 {one} | 2 {two}\n3 {three} | 4 {four}\n{status_text}""","source declaration"
"verse","Content\fn_shoreline_island_repair_station.verse:73","water_text","""Find Cube""","source declaration"
"verse","Content\fn_shoreline_island_repair_station.verse:74","plant_text","""Pick Up Cube""","source declaration"
"verse","Content\fn_shoreline_island_repair_station.verse:75","wait_text","""Walk to Scanner""","source declaration"
"verse","Content\fn_shoreline_island_repair_station.verse:76","harvest_text","""Scan Cube""","source declaration"
"verse","Content\fn_shoreline_island_repair_station.verse:77","step_text","""Step {number}: {command} OK""","source declaration"
"verse","Content\fn_shoreline_island_repair_station.verse:78","wrong_text","""Stopped at step {number}: Pix needs {expected} here. Swap slots and try again.""","source declaration"
"verse","Content\fn_shoreline_island_repair_station.verse:79","complete_text","""Prompt improved! Small changes can make instructions much clearer. Replay is optional; your Prompt Badge stays unchanged.""","source declaration"
"verse","Content\fn_shoreline_island_repair_station.verse:80","complete_board_text","""Prompt improved! Clear order helps Pix.\nReplay is optional.""","source declaration"
"verse","Content\fn_shoreline_island_signal_progress.verse:22","badge_title","""Classifier Badge""","source declaration"
"verse","Content\fn_shoreline_island_signal_progress.verse:23","badge_description","""Classify all three AI challenges.""","source declaration"
"verse","Content\fn_shoreline_island_signal_station.verse:83","claim_text","""Claim classifier station""","source declaration"
"verse","Content\fn_shoreline_island_signal_station.verse:84","garden_text","""Classify as Food""","source declaration"
"verse","Content\fn_shoreline_island_signal_station.verse:85","workshop_text","""Classify as Animal""","source declaration"
"verse","Content\fn_shoreline_island_signal_station.verse:86","storage_text","""Classify as Vehicle""","source declaration"
"verse","Content\fn_shoreline_island_signal_station.verse:87","rule_text","""Change rule A / B / C""","source declaration"
"verse","Content\fn_shoreline_island_signal_station.verse:88","run_text","""Run selected rule""","source declaration"
"verse","Content\fn_shoreline_island_signal_station.verse:89","help_text","""Help""","source declaration"
"verse","Content\fn_shoreline_island_signal_station.verse:90","next_text","""Next challenge / Replay all""","source declaration"
"verse","Content\fn_shoreline_island_signal_station.verse:91","replay_text","""Replay current queue""","source declaration"
"verse","Content\fn_shoreline_island_signal_station.verse:92","return_text","""Return to Academy Hub""","source declaration"
"verse","Content\fn_shoreline_island_signal_station.verse:93","available_text","""AI CLASSIFIER | Station {number}\nPress CLAIM to sort incoming items.""","source declaration"
"verse","Content\fn_shoreline_island_signal_station.verse:94","occupied_text","""This classifier is in use. Choose another station.""","source declaration"
"verse","Content\fn_shoreline_island_signal_station.verse:95","other_text","""Leave your current classifier before claiming another.""","source declaration"
"verse","Content\fn_shoreline_island_signal_station.verse:96","manual_text","""Read the incoming item, then choose its category.""","source declaration"
"verse","Content\fn_shoreline_island_signal_station.verse:97","final_text","""Read the whole item queue. Choose a classification rule, then Run. Watch each item reach its category.""","source declaration"
"verse","Content\fn_shoreline_island_signal_station.verse:98","manual_only_text","""Choose a category for this item. Rules begin in challenge 3.""","source declaration"
"verse","Content\fn_shoreline_island_signal_station.verse:99","rule_only_text","""For this queue, choose a classification rule and press Run.""","source declaration"
"verse","Content\fn_shoreline_island_signal_station.verse:100","finish_text","""Classify this queue first. Help is always available.""","source declaration"
"verse","Content\fn_shoreline_island_signal_station.verse:101","ready_text","""Choose a category.""","source declaration"
"verse","Content\fn_shoreline_island_signal_station.verse:102","ready_rule_text","""Choose a rule, then Run.""","source declaration"
"verse","Content\fn_shoreline_island_signal_station.verse:103","solved_text","""Queue classified! Press Next.""","source declaration"
"verse","Content\fn_shoreline_island_signal_station.verse:104","complete_text","""PIX MODULE RESTORED: CLASSIFICATION ONLINE\nClassifier Badge earned! Classification means putting things into categories. Replay or return to the hub.""","source declaration"
"verse","Content\fn_shoreline_island_signal_station.verse:105","retained_text","""Queue classified again! Your Classifier Badge stays earned for this round.""","source declaration"
"verse","Content\fn_shoreline_island_signal_station.verse:106","complete_board_text","""Classifier Badge earned! Help: optional Dolphin check. Replay anytime.""","source declaration"
"verse","Content\fn_shoreline_island_signal_station.verse:107","mistake_question","""OPTIONAL AI MISTAKE\nPix predicts: Dolphin > FISH.\nIs this correct?""","source declaration"
"verse","Content\fn_shoreline_island_signal_station.verse:108","mistake_correct","""Good check: No. A dolphin is a MAMMAL, not a fish.\nAI can make mistakes; check important results.""","source declaration"
"verse","Content\fn_shoreline_island_signal_station.verse:109","mistake_wrong","""Not quite. A dolphin breathes air and nurses its young.\nCheck Pix's prediction and try again.""","source declaration"
"verse","Content\fn_shoreline_island_signal_station.verse:110","mistake_yes","""Yes""","source declaration"
"verse","Content\fn_shoreline_island_signal_station.verse:111","mistake_no","""No""","source declaration"
"verse","Content\fn_shoreline_island_signal_station.verse:112","mistake_again","""Try again""","source declaration"
"verse","Content\fn_shoreline_island_signal_station.verse:113","mistake_close","""Close""","source declaration"
"verse","Content\fn_shoreline_island_signal_station.verse:114","first_rule_text","""CLASSIFICATION RULE\nChoose Food, Animal, or Vehicle.""","source declaration"
"verse","Content\fn_shoreline_island_signal_station.verse:115","second_rule_text","""If APPLE: Food. If PUPPY: Animal.\nOtherwise: Vehicle.""","source declaration"
"verse","Content\fn_shoreline_island_signal_station.verse:116","all_rules_text","""Rule | APPLE / PUPPY / CAR\nA | Food / Animal / Vehicle\nB | Vehicle / Animal / Food\nC | Food / Food / Vehicle""","source declaration"
"verse","Content\fn_shoreline_island_signal_station.verse:117","concept_text","""Classification means checking an item and choosing its category. Does every choice match the item?""","source declaration"
"verse","Content\fn_shoreline_island_signal_station.verse:118","worked_rule_text","""Try Rule A: APPLE is Food, PUPPY is Animal, and CAR is Vehicle. It matches the whole queue.""","source declaration"
"verse","Content\fn_shoreline_island_signal_station.verse:119","worked_manual_text","""This item is {cargo}. Classify it as {destination}. Then check the next label.""","source declaration"
"verse","Content\fn_shoreline_island_signal_station.verse:120","cargo_text","""INCOMING ITEM: {cargo}""","source declaration"
"verse","Content\fn_shoreline_island_signal_station.verse:121","empty_cargo_text","""INCOMING ITEM QUEUE""","source declaration"
"verse","Content\fn_shoreline_island_signal_station.verse:122","board_text","""Classifier: {input_player} | Challenge {challenge}\nItems: {queue}\nItem {position}/{total} | Rule {rule}\n{status}""","source declaration"
"verse","Content\fn_shoreline_island_signal_station.verse:123","manual_board_text","""Classifier: {input_player} | Challenge {challenge}\nItems: {queue}\nItem {position}/{total}\n{status}""","source declaration"
"verse","Content\fn_shoreline_island_signal_station.verse:124","moving_text","""{cargo} classified as {destination}""","source declaration"
"verse","Content\fn_shoreline_island_signal_station.verse:125","apple_reason","""An apple is food people can eat.""","source declaration"
"verse","Content\fn_shoreline_island_signal_station.verse:126","puppy_reason","""A puppy is an animal.""","source declaration"
"verse","Content\fn_shoreline_island_signal_station.verse:127","car_reason","""A car is a vehicle people travel in.""","source declaration"
"verse","Content\fn_shoreline_island_signal_station.verse:128","wrong_text","""{cargo} went to {actual}; it belongs in {expected}. {reason} Try again.""","source declaration"
"verse","Content\fn_shoreline_island_signal_station.verse:129","delivered_text","""{cargo} classified as {destination}.""","source declaration"
